D1/P08_01,245,350,00:00:04.09,00:00:05.84,2
D1/P08_01,356,433,00:00:05.94,00:00:07.23,0
D1/P08_01,638,810,00:00:10.64,00:00:13.50,0
D1/P08_01,943,1268,00:00:15.72,00:00:21.14,1
D1/P08_01,1254,1346,00:00:20.90,00:00:22.44,0
D1/P08_01,1368,1426,00:00:22.81,00:00:23.78,1
D1/P08_01,1653,1729,00:00:27.56,00:00:28.83,4
D1/P08_01,1875,1971,00:00:31.25,00:00:32.85,2
D1/P08_01,1951,2020,00:00:32.52,00:00:33.67,0
D1/P08_01,2133,2304,00:00:35.55,00:00:38.40,1
D1/P08_01,3234,3323,00:00:53.90,00:00:55.39,1
D1/P08_01,3956,4008,00:01:05.94,00:01:06.80,2
D1/P08_01,4006,4080,00:01:06.78,00:01:08.01,1
D1/P08_01,4237,4311,00:01:10.63,00:01:11.86,2
D1/P08_01,4342,4447,00:01:12.38,00:01:14.13,0
D1/P08_01,4480,4539,00:01:14.68,00:01:15.65,2
D1/P08_01,4528,4614,00:01:15.47,00:01:16.90,0
D1/P08_01,5271,5659,00:01:27.85,00:01:34.33,0
D1/P08_01,5502,5681,00:01:31.71,00:01:34.69,0
D1/P08_01,5809,6082,00:01:36.83,00:01:41.38,0
D1/P08_01,6549,6771,00:01:49.16,00:01:52.85,0
D1/P08_01,6828,7116,00:01:53.81,00:01:58.61,1
D1/P08_01,7215,7262,00:02:00.26,00:02:01.04,2
D1/P08_01,7297,7330,00:02:01.62,00:02:02.17,0
D1/P08_01,7349,7395,00:02:02.49,00:02:03.25,0
D1/P08_01,7397,7485,00:02:03.29,00:02:04.75,0
D1/P08_01,7660,7704,00:02:07.68,00:02:08.41,2
D1/P08_01,7765,7914,00:02:09.43,00:02:11.91,0
D1/P08_01,8036,8196,00:02:13.94,00:02:16.60,2
D1/P08_01,8181,8431,00:02:16.35,00:02:20.52,0
D1/P08_01,8967,9048,00:02:29.46,00:02:30.80,2
D1/P08_01,9054,9157,00:02:30.90,00:02:32.62,0
D1/P08_01,9199,9261,00:02:33.33,00:02:34.35,1
D1/P08_01,9265,9362,00:02:34.43,00:02:36.04,2
D1/P08_01,9387,9675,00:02:36.45,00:02:41.26,7
D1/P08_01,9900,9990,00:02:45.01,00:02:46.50,2
D1/P08_01,9979,10045,00:02:46.33,00:02:47.43,1
D1/P08_01,10237,10314,00:02:50.62,00:02:51.91,1
D1/P08_01,10331,10583,00:02:52.19,00:02:56.39,0
D1/P08_01,10591,10783,00:02:56.53,00:02:59.73,5
D1/P08_01,10781,10862,00:02:59.69,00:03:01.04,1
D1/P08_01,10856,11314,00:03:00.94,00:03:08.57,1
D1/P08_01,11343,11551,00:03:09.06,00:03:12.53,1
D1/P08_01,11849,11905,00:03:17.49,00:03:18.42,2
D1/P08_01,11900,11990,00:03:18.34,00:03:19.84,1
D1/P08_01,12047,13274,00:03:20.79,00:03:41.24,2
D1/P08_01,13274,13515,00:03:41.24,00:03:45.25,5
D1/P08_01,13521,13645,00:03:45.35,00:03:47.43,5
D1/P08_01,13771,13936,00:03:49.53,00:03:52.28,2
D1/P08_01,13942,14062,00:03:52.38,00:03:54.38,0
D1/P08_01,14389,14496,00:03:59.82,00:04:01.61,0
D1/P08_01,14421,14492,00:04:00.35,00:04:01.54,0
D1/P08_01,14862,14922,00:04:07.70,00:04:08.70,2
D1/P08_01,14932,15045,00:04:08.87,00:04:10.75,0
D1/P08_01,15118,15198,00:04:11.97,00:04:13.31,1
D1/P08_01,15204,15518,00:04:13.41,00:04:18.65,2
D1/P08_01,17092,17187,00:04:44.88,00:04:46.46,4
D1/P08_01,17178,17809,00:04:46.31,00:04:56.82,4
D1/P08_01,17266,17326,00:04:47.78,00:04:48.78,4
D1/P08_01,18031,18463,00:05:00.53,00:05:07.73,1
D1/P08_01,18469,18894,00:05:07.83,00:05:14.90,0
D1/P08_01,19098,19296,00:05:18.30,00:05:21.60,4
D1/P08_01,19378,19563,00:05:22.97,00:05:26.05,4
D1/P08_01,19716,20637,00:05:28.61,00:05:43.96,5
D1/P08_01,20667,21145,00:05:44.45,00:05:52.43,5
D1/P08_01,22039,22585,00:06:07.32,00:06:16.43,7
D1/P08_01,22586,22944,00:06:16.44,00:06:22.41,1
D1/P08_01,23033,23281,00:06:23.89,00:06:28.02,1
D1/P08_01,23376,23733,00:06:29.60,00:06:35.55,1
D1/P08_01,24480,24555,00:06:48.00,00:06:49.25,2
D1/P08_01,24554,24786,00:06:49.24,00:06:53.10,1
D1/P08_01,25063,25103,00:06:57.73,00:06:58.39,0
D1/P08_01,25547,25691,00:07:05.79,00:07:08.19,0
D1/P08_01,25659,25705,00:07:07.65,00:07:08.43,1
D1/P08_01,26213,26286,00:07:16.89,00:07:18.11,0
D1/P08_01,26362,26580,00:07:19.37,00:07:23.00,0
D1/P08_01,26859,27034,00:07:27.65,00:07:30.57,0
D1/P08_01,27853,27909,00:07:44.22,00:07:45.15,0
D1/P08_01,27915,27981,00:07:45.25,00:07:46.36,4
D1/P08_01,28809,28882,00:08:00.16,00:08:01.38,0
D1/P08_01,28883,28962,00:08:01.39,00:08:02.70,1
D1/P08_01,29313,29389,00:08:08.56,00:08:09.83,0
D1/P08_01,29394,29544,00:08:09.90,00:08:12.41,1
D1/P08_01,29826,29914,00:08:17.10,00:08:18.57,0
D1/P08_01,29916,30020,00:08:18.60,00:08:20.34,1
D1/P08_01,30009,30382,00:08:20.16,00:08:26.37,1
D1/P08_01,30638,31329,00:08:30.64,00:08:42.15,7
D1/P08_01,31319,31408,00:08:41.99,00:08:43.47,1
D1/P08_01,31540,31690,00:08:45.68,00:08:48.18,7
D1/P08_01,31681,31746,00:08:48.03,00:08:49.10,2
D1/P08_01,31722,31811,00:08:48.70,00:08:50.19,1
D1/P08_01,31802,31872,00:08:50.04,00:08:51.20,0
D1/P08_01,32353,32410,00:08:59.23,00:09:00.17,2
D1/P08_01,32382,32555,00:08:59.70,00:09:02.59,1
D1/P08_01,32727,32828,00:09:05.46,00:09:07.14,0
D1/P08_01,33070,33445,00:09:11.18,00:09:17.43,1
D1/P08_01,33201,33241,00:09:13.35,00:09:14.03,7
D1/P08_01,33247,33297,00:09:14.13,00:09:14.95,1
D1/P08_01,33498,33558,00:09:18.30,00:09:19.30,0
D1/P08_01,33639,33708,00:09:20.65,00:09:21.80,1
D1/P08_01,33705,33825,00:09:21.75,00:09:23.75,4
D1/P08_01,33832,33956,00:09:23.87,00:09:25.94,0
D1/P08_01,34223,34538,00:09:30.39,00:09:35.64,4
D1/P08_01,34921,35088,00:09:42.03,00:09:44.80,2
D1/P08_01,34924,34994,00:09:42.07,00:09:43.24,2
D1/P08_01,35124,35260,00:09:45.40,00:09:47.68,1
D1/P08_01,35343,35719,00:09:49.05,00:09:55.33,1
D1/P08_01,35858,36002,00:09:57.64,00:10:00.04,4
D1/P08_01,36031,36219,00:10:00.52,00:10:03.65,4
D1/P08_01,36363,36438,00:10:06.05,00:10:07.30,0
D1/P08_02,222,313,00:00:03.70,00:00:05.23,1
D1/P08_02,295,396,00:00:04.92,00:00:06.61,2
D1/P08_02,429,544,00:00:07.16,00:00:09.07,1
D1/P08_02,807,968,00:00:13.46,00:00:16.14,1
D1/P08_02,1161,1251,00:00:19.36,00:00:20.85,2
D1/P08_02,2126,2189,00:00:35.44,00:00:36.49,2
D1/P08_02,2193,2326,00:00:36.55,00:00:38.77,0
D1/P08_02,3490,3597,00:00:58.17,00:00:59.96,0
D1/P08_02,3599,3664,00:00:59.99,00:01:01.07,2
D1/P08_02,3670,3912,00:01:01.17,00:01:05.21,4
D1/P08_02,3930,4069,00:01:05.50,00:01:07.83,4
D1/P08_02,4047,4212,00:01:07.45,00:01:10.20,4
D1/P08_02,4277,4945,00:01:11.29,00:01:22.43,4
D1/P08_02,5024,5142,00:01:23.74,00:01:25.71,4
D1/P08_02,5062,5392,00:01:24.38,00:01:29.88,4
D1/P08_02,5724,5845,00:01:35.41,00:01:37.43,1
D1/P08_02,5896,6155,00:01:38.28,00:01:42.59,4
D1/P08_03,51,272,00:00:00.85,00:00:04.54,0
D1/P08_03,282,373,00:00:04.71,00:00:06.22,2
D1/P08_03,446,781,00:00:07.44,00:00:13.03,0
D1/P08_03,478,598,00:00:07.97,00:00:09.97,0
D1/P08_03,664,784,00:00:11.07,00:00:13.07,0
D1/P08_03,947,986,00:00:15.79,00:00:16.44,0
D1/P08_03,1267,1372,00:00:21.12,00:00:22.87,0
D1/P08_03,2035,2190,00:00:33.92,00:00:36.51,0
D1/P08_03,2880,2940,00:00:48.00,00:00:49.00,0
D1/P08_03,2949,3505,00:00:49.16,00:00:58.42,1
D1/P08_03,3512,3953,00:00:58.54,00:01:05.89,1
D1/P08_03,3973,4185,00:01:06.23,00:01:09.75,1
D1/P08_03,4311,4350,00:01:11.86,00:01:12.50,2
D1/P08_03,4347,4414,00:01:12.45,00:01:13.58,0
D1/P08_03,4417,4693,00:01:13.63,00:01:18.23,5
D1/P08_03,6900,7045,00:01:55.00,00:01:57.42,0
D1/P08_03,7082,7205,00:01:58.04,00:02:00.09,1
D1/P08_03,7349,7420,00:02:02.49,00:02:03.68,2
D1/P08_03,7426,7651,00:02:03.78,00:02:07.53,1
D1/P08_03,7854,8029,00:02:10.90,00:02:13.83,1
D1/P08_03,8228,8376,00:02:17.14,00:02:19.61,1
D1/P08_03,8374,8502,00:02:19.58,00:02:21.71,1
D1/P08_04,117,424,00:00:01.95,00:00:07.07,2
D1/P08_04,551,811,00:00:09.19,00:00:13.53,2
D1/P08_04,835,975,00:00:13.92,00:00:16.25,0
D1/P08_04,935,1137,00:00:15.59,00:00:18.96,4
D1/P08_04,1365,1530,00:00:22.75,00:00:25.50,0
D1/P08_04,1538,1665,00:00:25.64,00:00:27.75,0
D1/P08_04,1678,1888,00:00:27.97,00:00:31.48,1
D1/P08_04,2082,2211,00:00:34.70,00:00:36.85,1
D1/P08_04,2179,2262,00:00:36.32,00:00:37.70,0
D1/P08_04,2391,2718,00:00:39.85,00:00:45.31,1
D1/P08_04,2608,2903,00:00:43.47,00:00:48.39,0
D1/P08_04,2934,3000,00:00:48.91,00:00:50.01,0
D1/P08_04,3048,3093,00:00:50.80,00:00:51.55,0
D1/P08_04,3141,3219,00:00:52.36,00:00:53.66,0
D1/P08_04,3234,3343,00:00:53.90,00:00:55.72,0
D1/P08_04,3364,3424,00:00:56.07,00:00:57.07,0
D1/P08_04,3447,3517,00:00:57.45,00:00:58.62,0
D1/P08_04,3662,3801,00:01:01.04,00:01:03.35,2
D1/P08_04,3837,3921,00:01:03.95,00:01:05.36,2
D1/P08_04,3952,4051,00:01:05.88,00:01:07.52,0
D1/P08_04,4477,4609,00:01:14.62,00:01:16.83,0
D1/P08_04,4599,4834,00:01:16.66,00:01:20.58,1
D1/P08_04,4840,4951,00:01:20.68,00:01:22.52,0
D1/P08_04,4957,5051,00:01:22.62,00:01:24.19,1
D1/P08_04,5073,5209,00:01:24.56,00:01:26.83,0
D1/P08_04,5215,5325,00:01:26.93,00:01:28.75,1
D1/P08_04,5331,5470,00:01:28.85,00:01:31.17,0
D1/P08_04,5476,5700,00:01:31.27,00:01:35.00,1
D1/P08_04,5706,5804,00:01:35.10,00:01:36.74,0
D1/P08_04,5839,6252,00:01:37.32,00:01:44.21,0
D1/P08_04,5884,6204,00:01:38.07,00:01:43.40,0
D1/P08_04,6201,6332,00:01:43.36,00:01:45.54,1
D1/P08_04,6258,6351,00:01:44.31,00:01:45.85,1
D1/P08_04,6920,6980,00:01:55.34,00:01:56.34,0
D1/P08_04,7000,7090,00:01:56.68,00:01:58.17,2
D1/P08_04,7309,7614,00:02:01.82,00:02:06.91,1
D1/P08_04,7620,7796,00:02:07.01,00:02:09.94,1
D1/P08_04,7790,8370,00:02:09.84,00:02:19.50,1
D1/P08_04,8689,8782,00:02:24.82,00:02:26.37,2
D1/P08_04,8737,8854,00:02:25.63,00:02:27.57,0
D1/P08_04,8848,8958,00:02:27.47,00:02:29.31,1
D1/P08_04,8928,9099,00:02:28.80,00:02:31.66,0
D1/P08_04,9204,9330,00:02:33.41,00:02:35.51,0
D1/P08_04,9470,9553,00:02:37.84,00:02:39.23,2
D1/P08_04,9571,10099,00:02:39.53,00:02:48.32,1
D1/P08_04,9616,9749,00:02:40.27,00:02:42.49,1
D1/P08_04,10108,10345,00:02:48.48,00:02:52.43,0
D1/P08_04,10351,10438,00:02:52.52,00:02:53.97,2
D1/P08_04,11178,11240,00:03:06.31,00:03:07.34,0
D1/P08_04,11410,11593,00:03:10.17,00:03:13.22,0
D1/P08_04,11916,11982,00:03:18.61,00:03:19.70,2
D1/P08_05,171,231,00:00:02.85,00:00:03.85,2
D1/P08_05,205,445,00:00:03.42,00:00:07.43,0
D1/P08_05,549,699,00:00:09.16,00:00:11.65,4
D1/P08_05,804,924,00:00:13.40,00:00:15.40,4
D1/P08_05,930,1000,00:00:15.50,00:00:16.67,2
D1/P08_05,1136,1246,00:00:18.94,00:00:20.77,0
D1/P08_05,1270,1338,00:00:21.17,00:00:22.30,1
D1/P08_05,1323,1392,00:00:22.06,00:00:23.21,2
D1/P08_05,1429,1555,00:00:23.82,00:00:25.93,1
D1/P08_05,1932,2077,00:00:32.21,00:00:34.63,4
D1/P08_05,2234,2310,00:00:37.24,00:00:38.50,2
D1/P08_05,2299,2420,00:00:38.33,00:00:40.34,2
D1/P08_05,2406,2727,00:00:40.11,00:00:45.45,0
D1/P08_05,2753,2873,00:00:45.89,00:00:47.89,1
D1/P08_05,3010,3070,00:00:50.17,00:00:51.17,0
D1/P08_05,3024,3562,00:00:50.41,00:00:59.38,0
D1/P08_05,3141,3202,00:00:52.35,00:00:53.38,0
D1/P08_05,4084,4204,00:01:08.07,00:01:10.08,0
D1/P08_05,4582,4709,00:01:16.37,00:01:18.49,2
D1/P08_05,4661,4716,00:01:17.69,00:01:18.60,0
D1/P08_05,4744,4962,00:01:19.07,00:01:22.70,5
D1/P08_05,4970,5084,00:01:22.84,00:01:24.74,1
D1/P08_05,5236,5350,00:01:27.28,00:01:29.18,0
D1/P08_05,5437,5506,00:01:30.63,00:01:31.77,2
D1/P08_05,5503,5683,00:01:31.72,00:01:34.72,7
D1/P08_05,5696,5802,00:01:34.94,00:01:36.71,1
D1/P08_05,5770,5923,00:01:36.17,00:01:38.73,0
D1/P08_05,5920,6121,00:01:38.67,00:01:42.02,1
D1/P08_05,6252,6364,00:01:44.21,00:01:46.08,2
D1/P08_05,6325,6486,00:01:45.43,00:01:48.11,0
D1/P08_05,6474,6604,00:01:47.91,00:01:50.07,1
D1/P08_05,6610,6788,00:01:50.17,00:01:53.14,2
D1/P08_05,6749,6891,00:01:52.49,00:01:54.86,0
D1/P08_05,6884,6990,00:01:54.74,00:01:56.50,1
D1/P08_05,7368,7446,00:02:02.81,00:02:04.10,1
D1/P08_05,8025,8091,00:02:13.76,00:02:14.86,2
D1/P08_05,8267,8456,00:02:17.79,00:02:20.94,1
D1/P08_05,8490,8569,00:02:21.50,00:02:22.83,2
D1/P08_05,8575,8650,00:02:22.93,00:02:24.17,2
D1/P08_05,8655,8865,00:02:24.25,00:02:27.75,1
D1/P08_05,9206,9251,00:02:33.44,00:02:34.19,1
D1/P08_05,9280,9326,00:02:34.68,00:02:35.44,0
D1/P08_05,9533,9624,00:02:38.89,00:02:40.41,2
D1/P08_05,9622,10007,00:02:40.38,00:02:46.79,4
D1/P08_05,10013,10099,00:02:46.89,00:02:48.33,0
D1/P08_05,10106,10625,00:02:48.44,00:02:57.09,4
D1/P08_05,10631,10822,00:02:57.19,00:03:00.37,0
D1/P08_05,10828,11159,00:03:00.47,00:03:05.99,5
D1/P08_05,11165,11504,00:03:06.09,00:03:11.74,4
D1/P08_05,11510,12585,00:03:11.84,00:03:29.75,0
D1/P08_05,12573,13987,00:03:29.55,00:03:53.12,4
D1/P08_05,13254,13956,00:03:40.91,00:03:52.60,4
D1/P08_05,14254,14554,00:03:57.57,00:04:02.57,0
D1/P08_05,14563,14628,00:04:02.73,00:04:03.80,0
D1/P08_05,14692,14868,00:04:04.88,00:04:07.80,7
D1/P08_05,14938,15195,00:04:08.98,00:04:13.26,2
D1/P08_05,15181,15348,00:04:13.02,00:04:15.80,1
D1/P08_05,15797,16168,00:04:23.29,00:04:29.48,0
D1/P08_05,18309,18594,00:05:05.15,00:05:09.90,0
D1/P08_05,18707,18880,00:05:11.79,00:05:14.68,4
D1/P08_05,18963,19023,00:05:16.05,00:05:17.05,0
D1/P08_05,19059,19156,00:05:17.65,00:05:19.28,5
D1/P08_05,19571,19999,00:05:26.19,00:05:33.32,4
D1/P08_05,20017,20149,00:05:33.63,00:05:35.82,4
D1/P08_05,20203,20263,00:05:36.73,00:05:37.73,1
D1/P08_05,21529,21987,00:05:58.83,00:06:06.46,5
D1/P08_05,21632,22035,00:06:00.54,00:06:07.26,5
D1/P08_05,21979,23582,00:06:06.33,00:06:33.04,0
D1/P08_05,22041,22963,00:06:07.36,00:06:22.72,5
D1/P08_05,22704,24057,00:06:18.41,00:06:40.95,0
D1/P08_05,24163,24211,00:06:42.72,00:06:43.53,2
D1/P08_05,24210,24339,00:06:43.51,00:06:45.66,4
D1/P08_05,24310,24411,00:06:45.17,00:06:46.85,4
D1/P08_05,24456,25122,00:06:47.60,00:06:58.70,0
D1/P08_05,25035,25341,00:06:57.26,00:07:02.36,2
D1/P08_05,25348,25719,00:07:02.47,00:07:08.66,0
D1/P08_05,26175,26598,00:07:16.26,00:07:23.31,0
D1/P08_05,26714,26986,00:07:25.24,00:07:29.78,1
D1/P08_05,27034,27204,00:07:30.57,00:07:33.40,4
D1/P08_05,27889,28087,00:07:44.83,00:07:48.13,0
D1/P08_05,28234,28419,00:07:50.58,00:07:53.66,1
D1/P08_05,28568,28602,00:07:56.14,00:07:56.71,2
D1/P08_05,28605,28648,00:07:56.75,00:07:57.48,4
D1/P08_05,28738,28801,00:07:58.97,00:08:00.03,4
D1/P08_05,28854,28894,00:08:00.91,00:08:01.58,0
D1/P08_05,28882,29233,00:08:01.38,00:08:07.22,5
D1/P08_05,29239,29656,00:08:07.32,00:08:14.27,5
D1/P08_05,30064,30153,00:08:21.08,00:08:22.56,0
D1/P08_05,30286,30439,00:08:24.78,00:08:27.33,0
D1/P08_05,30392,30824,00:08:26.54,00:08:33.74,1
D1/P08_05,30814,30907,00:08:33.58,00:08:35.13,1
D1/P08_05,30913,30997,00:08:35.23,00:08:36.62,1
D1/P08_05,31397,31456,00:08:43.29,00:08:44.27,2
D1/P08_05,31417,31537,00:08:43.62,00:08:45.62,0
D1/P08_05,31528,31596,00:08:45.47,00:08:46.61,2
D1/P08_05,32092,32205,00:08:54.88,00:08:56.75,6
D1/P08_05,33117,33200,00:09:11.95,00:09:13.34,2
D1/P08_05,33810,33960,00:09:23.51,00:09:26.00,0
D1/P08_05,33948,34161,00:09:25.80,00:09:29.36,0
D1/P08_05,34245,34513,00:09:30.75,00:09:35.23,1
D1/P08_05,34947,35217,00:09:42.45,00:09:46.95,0
D1/P08_05,35319,35499,00:09:48.65,00:09:51.65,0
D1/P08_05,35929,36183,00:09:58.82,00:10:03.06,0
D1/P08_05,36767,36855,00:10:12.79,00:10:14.25,0
D1/P08_05,37008,37293,00:10:16.80,00:10:21.55,4
D1/P08_05,37231,38767,00:10:20.53,00:10:46.12,4
D1/P08_05,38974,40161,00:10:49.58,00:11:09.35,5
D1/P08_05,40191,40311,00:11:09.85,00:11:11.85,1
D1/P08_05,40317,41712,00:11:11.95,00:11:35.20,5
D1/P08_05,41718,41868,00:11:35.30,00:11:37.80,1
D1/P08_05,42522,42729,00:11:48.70,00:11:52.15,4
D1/P08_05,42879,42961,00:11:54.65,00:11:56.03,2
D1/P08_05,43011,43192,00:11:56.86,00:11:59.88,0
D1/P08_05,43374,43505,00:12:02.90,00:12:05.09,0
D1/P08_05,44168,44229,00:12:16.14,00:12:17.16,1
D1/P08_05,45530,45601,00:12:38.84,00:12:40.03,0
D1/P08_05,45594,46218,00:12:39.90,00:12:50.31,5
D1/P08_05,45607,46273,00:12:40.13,00:12:51.23,5
D1/P08_05,46269,46404,00:12:51.16,00:12:53.41,0
D1/P08_05,46863,47103,00:13:01.06,00:13:05.06,4
D1/P08_05,47106,47230,00:13:05.11,00:13:07.18,0
D1/P08_05,47400,47475,00:13:10.01,00:13:11.26,1
D1/P08_05,47481,47690,00:13:11.35,00:13:14.84,4
D1/P08_05,47682,47757,00:13:14.71,00:13:15.96,0
D1/P08_05,48123,48228,00:13:22.05,00:13:23.80,2
D1/P08_05,48246,48391,00:13:24.10,00:13:26.53,0
D1/P08_05,48499,48607,00:13:28.32,00:13:30.13,2
D1/P08_05,48810,48915,00:13:33.51,00:13:35.25,0
D1/P08_05,49805,49955,00:13:50.09,00:13:52.59,0
D1/P08_05,51720,51834,00:14:22.00,00:14:23.90,1
D1/P08_05,53758,53930,00:14:55.97,00:14:58.84,1
D1/P08_05,54321,54386,00:15:05.35,00:15:06.44,2
D1/P08_05,54414,54471,00:15:06.91,00:15:07.86,0
D1/P08_05,54477,54735,00:15:07.96,00:15:12.25,7
D1/P08_05,54741,54985,00:15:12.35,00:15:16.43,6
D1/P08_05,54962,55396,00:15:16.04,00:15:23.27,7
D1/P08_05,55387,55486,00:15:23.12,00:15:24.77,1
D1/P08_05,55457,55723,00:15:24.29,00:15:28.72,6
D1/P08_05,55860,56025,00:15:31.01,00:15:33.75,7
D1/P08_05,56031,56408,00:15:33.85,00:15:40.14,6
D1/P08_05,57576,57760,00:15:59.60,00:16:02.67,2
D1/P08_05,57880,57942,00:16:04.68,00:16:05.70,0
D1/P08_05,58075,58249,00:16:07.92,00:16:10.83,2
D1/P08_05,58367,58424,00:16:12.79,00:16:13.74,0
D1/P08_05,58569,58639,00:16:16.16,00:16:17.32,2
D1/P08_05,58611,58701,00:16:16.86,00:16:18.36,0
D1/P08_05,59135,59224,00:16:25.59,00:16:27.07,2
D1/P08_05,59200,59486,00:16:26.67,00:16:31.44,0
D1/P08_05,59551,59997,00:16:32.52,00:16:39.96,1
D1/P08_05,60237,60571,00:16:43.95,00:16:49.52,4
D1/P08_05,60643,60718,00:16:50.72,00:16:51.98,2
D1/P08_05,60711,60815,00:16:51.86,00:16:53.59,1
D1/P08_05,60897,61069,00:16:54.95,00:16:57.83,2
D1/P08_05,61688,61841,00:17:08.14,00:17:10.69,1
D1/P08_05,61957,62099,00:17:12.63,00:17:14.99,0
D1/P08_05,62142,62277,00:17:15.71,00:17:17.96,0
D1/P08_05,63244,63403,00:17:34.08,00:17:36.73,5
D1/P08_05,63545,63847,00:17:39.10,00:17:44.12,5
D1/P08_05,63840,63939,00:17:44.00,00:17:45.65,0
D1/P08_05,64280,64477,00:17:51.35,00:17:54.63,1
D1/P08_05,64444,64567,00:17:54.07,00:17:56.13,1
D1/P08_05,64659,64755,00:17:57.66,00:17:59.25,0
D1/P08_05,65405,65460,00:18:10.10,00:18:11.01,2
D1/P08_05,65532,65772,00:18:12.20,00:18:16.20,0
D1/P08_05,65793,65868,00:18:16.55,00:18:17.80,1
D1/P08_05,66291,66381,00:18:24.85,00:18:26.35,0
D1/P08_05,67141,67262,00:18:39.02,00:18:41.04,1
D1/P08_05,67770,67963,00:18:49.50,00:18:52.73,4
D1/P08_05,68236,68295,00:18:57.28,00:18:58.26,2
D1/P08_05,68301,68356,00:18:58.36,00:18:59.27,0
D1/P08_05,68358,68663,00:18:59.31,00:19:04.39,0
D1/P08_05,68787,68881,00:19:06.45,00:19:08.03,0
D1/P08_05,69717,69948,00:19:21.96,00:19:25.80,0
D1/P08_05,69855,70323,00:19:24.25,00:19:32.05,1
D1/P08_05,70028,70243,00:19:27.14,00:19:30.73,4
D1/P08_05,70492,70573,00:19:34.88,00:19:36.22,2
D1/P08_05,71203,71656,00:19:46.73,00:19:54.27,0
D1/P08_05,71787,72018,00:19:56.46,00:20:00.31,1
D1/P08_05,71859,72471,00:19:57.66,00:20:07.85,1
D1/P08_05,72637,72798,00:20:10.63,00:20:13.31,1
D1/P08_05,72889,72958,00:20:14.82,00:20:15.98,0
D1/P08_05,72964,73024,00:20:16.08,00:20:17.07,1
D1/P08_05,74244,74851,00:20:37.41,00:20:47.52,5
D1/P08_05,75112,75232,00:20:51.88,00:20:53.88,7
D1/P08_05,75637,75961,00:21:00.62,00:21:06.02,5
D1/P08_05,75982,76056,00:21:06.37,00:21:07.61,0
D1/P08_05,76081,76207,00:21:08.02,00:21:10.12,1
D1/P08_05,76507,76602,00:21:15.12,00:21:16.71,0
D1/P08_05,76566,77113,00:21:16.10,00:21:25.22,6
D1/P08_05,77137,77412,00:21:25.62,00:21:30.21,1
D1/P08_05,77422,77480,00:21:30.38,00:21:31.34,2
D1/P08_05,78003,78104,00:21:40.05,00:21:41.74,0
D1/P08_05,79601,79749,00:22:06.69,00:22:09.15,1
D1/P08_05,79738,80568,00:22:08.97,00:22:22.81,6
D1/P08_05,80337,80931,00:22:18.96,00:22:28.85,6
D1/P08_05,80919,81041,00:22:28.66,00:22:30.69,1
D1/P08_05,81503,81683,00:22:38.39,00:22:41.39,7
D1/P08_05,81673,82349,00:22:41.22,00:22:52.49,6
D1/P08_05,82320,83075,00:22:52.00,00:23:04.59,1
D1/P08_05,83155,83252,00:23:05.93,00:23:07.54,1
D1/P08_05,83348,83408,00:23:09.14,00:23:10.14,2
D1/P08_05,83424,83505,00:23:10.40,00:23:11.76,2
D1/P08_05,83731,83878,00:23:15.52,00:23:17.97,4
D1/P08_05,83899,84862,00:23:18.32,00:23:34.37,1
D1/P08_05,84143,84218,00:23:22.39,00:23:23.64,1
D1/P08_05,84176,85507,00:23:22.94,00:23:45.13,1
D1/P08_05,85626,85710,00:23:47.11,00:23:48.51,2
D1/P08_05,85747,85867,00:23:49.13,00:23:51.13,1
D1/P08_05,86449,86683,00:24:00.83,00:24:04.72,2
D1/P08_05,86719,87094,00:24:05.32,00:24:11.57,1
D1/P08_05,87115,87325,00:24:11.92,00:24:15.42,1
D1/P08_05,87333,87438,00:24:15.56,00:24:17.31,1
D1/P08_05,87442,87504,00:24:17.37,00:24:18.41,0
D1/P08_05,87525,87780,00:24:18.76,00:24:23.01,1
D1/P08_05,88656,88971,00:24:37.61,00:24:42.86,5
D1/P08_05,89118,89184,00:24:45.31,00:24:46.41,1
D1/P08_05,89184,89441,00:24:46.41,00:24:50.69,2
D1/P08_05,89369,90025,00:24:49.49,00:25:00.42,0
D1/P08_05,90087,90193,00:25:01.45,00:25:03.22,2
D1/P08_05,90281,90343,00:25:04.69,00:25:05.73,1
D1/P08_05,90362,90476,00:25:06.04,00:25:07.94,2
D1/P08_05,91225,91290,00:25:20.43,00:25:21.51,0
D1/P08_05,91578,91793,00:25:26.31,00:25:29.89,4
D1/P08_05,91699,91789,00:25:28.33,00:25:29.83,1
D1/P08_05,91879,91999,00:25:31.33,00:25:33.33,0
D1/P08_05,92305,92410,00:25:38.43,00:25:40.18,7
D1/P08_05,92424,92934,00:25:40.40,00:25:48.91,7
D1/P08_05,92995,93136,00:25:49.93,00:25:52.28,7
D1/P08_05,93300,94695,00:25:55.00,00:26:18.26,6
D1/P08_05,93387,93534,00:25:56.46,00:25:58.90,7
D1/P08_05,93691,93751,00:26:01.53,00:26:02.52,0
D1/P08_05,93770,94457,00:26:02.84,00:26:14.29,6
D1/P08_05,94837,94998,00:26:20.62,00:26:23.30,1
D1/P08_05,94958,95059,00:26:22.64,00:26:24.33,0
D1/P08_05,95065,95158,00:26:24.43,00:26:25.98,1
D1/P08_05,95354,95567,00:26:29.24,00:26:32.79,1
D1/P08_05,95583,95815,00:26:33.05,00:26:36.93,1
D1/P08_05,95836,95911,00:26:37.28,00:26:38.53,1
D1/P08_05,95914,96031,00:26:38.57,00:26:40.52,1
D1/P08_05,96205,96695,00:26:43.42,00:26:51.59,4
D1/P08_05,97148,97403,00:26:59.14,00:27:03.39,0
D1/P08_05,97409,98135,00:27:03.49,00:27:15.59,0
D1/P08_05,98170,98250,00:27:16.18,00:27:17.50,2
D1/P08_05,98237,98342,00:27:17.29,00:27:19.04,4
D1/P08_05,98406,98599,00:27:20.11,00:27:23.32,4
D1/P08_05,98609,98875,00:27:23.49,00:27:27.93,2
D1/P08_05,98909,98983,00:27:28.49,00:27:29.73,1
D1/P08_05,99223,99606,00:27:33.73,00:27:40.11,0
D1/P08_05,99945,100008,00:27:45.75,00:27:46.81,2
D1/P08_05,100007,100089,00:27:46.79,00:27:48.16,4
D1/P08_05,100340,100413,00:27:52.34,00:27:53.56,0
D1/P08_05,100420,100618,00:27:53.68,00:27:56.97,4
D1/P08_05,100614,100663,00:27:56.91,00:27:57.72,1
D1/P08_05,101209,101491,00:28:06.82,00:28:11.52,1
D1/P08_05,101571,101631,00:28:12.85,00:28:13.86,2
D1/P08_05,101799,101873,00:28:16.65,00:28:17.89,0
D1/P08_05,101900,102107,00:28:18.34,00:28:21.79,1
D1/P08_05,102243,102294,00:28:24.05,00:28:24.91,2
D1/P08_05,102300,102423,00:28:25.01,00:28:27.06,4
D1/P08_05,102578,102632,00:28:29.64,00:28:30.54,2
D1/P08_05,102660,102765,00:28:31.00,00:28:32.75,1
D1/P08_05,102861,103301,00:28:34.35,00:28:41.69,0
D1/P08_05,103381,103471,00:28:43.03,00:28:44.53,2
D1/P08_05,103477,103571,00:28:44.63,00:28:46.19,0
D1/P08_05,103788,103984,00:28:49.80,00:28:53.08,0
D1/P08_05,104117,104267,00:28:55.29,00:28:57.79,1
D1/P08_05,104359,104605,00:28:59.32,00:29:03.43,4
D1/P08_05,104783,104879,00:29:06.39,00:29:07.99,1
D1/P08_06,127,463,00:00:02.13,00:00:07.72,1
D1/P08_06,452,603,00:00:07.54,00:00:10.06,0
D1/P08_06,644,737,00:00:10.74,00:00:12.29,0
D1/P08_06,778,897,00:00:12.97,00:00:14.95,0
D1/P08_06,1863,2015,00:00:31.05,00:00:33.59,1
D1/P08_06,2055,2151,00:00:34.25,00:00:35.86,4
D1/P08_06,2190,2324,00:00:36.50,00:00:38.74,0
D1/P08_06,2329,2631,00:00:38.83,00:00:43.85,4
D1/P08_06,2671,2804,00:00:44.53,00:00:46.74,2
D1/P08_06,2844,3011,00:00:47.41,00:00:50.19,1
D1/P08_06,3022,3271,00:00:50.38,00:00:54.53,1
D1/P08_06,3475,3546,00:00:57.92,00:00:59.10,0
D1/P08_06,3543,3636,00:00:59.05,00:01:00.61,4
D1/P08_06,3643,3709,00:01:00.72,00:01:01.82,0
D1/P08_06,3735,3803,00:01:02.25,00:01:03.39,1
D1/P08_06,3910,3962,00:01:05.18,00:01:06.04,2
D1/P08_06,3965,4059,00:01:06.09,00:01:07.65,0
D1/P08_06,4085,4137,00:01:08.10,00:01:08.96,0
D1/P08_06,4447,4606,00:01:14.13,00:01:16.78,1
D1/P08_06,4610,4797,00:01:16.84,00:01:19.96,5
D1/P08_06,4833,4917,00:01:20.56,00:01:21.95,1
D1/P08_06,5134,5337,00:01:25.58,00:01:28.95,0
D1/P08_06,5343,5628,00:01:29.05,00:01:33.81,1
D1/P08_06,5875,5953,00:01:37.93,00:01:39.22,2
D1/P08_06,6477,6598,00:01:47.95,00:01:49.98,2
D1/P08_06,6501,6818,00:01:48.36,00:01:53.64,1
D1/P08_06,6754,6814,00:01:52.57,00:01:53.57,1
D1/P08_06,6949,7151,00:01:55.83,00:01:59.19,1
D1/P08_06,6984,7138,00:01:56.41,00:01:58.97,1
D1/P08_06,7592,7727,00:02:06.54,00:02:08.79,0
D1/P08_06,7717,7876,00:02:08.63,00:02:11.28,4
D1/P08_06,7904,8009,00:02:11.74,00:02:13.49,2
D1/P08_06,8013,8094,00:02:13.56,00:02:14.90,2
D1/P08_06,8096,8321,00:02:14.94,00:02:18.69,1
D1/P08_06,8328,8602,00:02:18.81,00:02:23.37,0
D1/P08_06,8618,8747,00:02:23.64,00:02:25.79,2
D1/P08_06,8730,8895,00:02:25.50,00:02:28.25,1
D1/P08_06,8908,8958,00:02:28.47,00:02:29.30,0
D1/P08_06,8959,9022,00:02:29.32,00:02:30.37,4
D1/P08_06,9032,9122,00:02:30.54,00:02:32.04,1
D1/P08_06,9180,9480,00:02:33.01,00:02:38.01,4
D1/P08_06,9486,9681,00:02:38.11,00:02:41.36,1
D1/P08_06,9616,9770,00:02:40.27,00:02:42.84,0
D1/P08_06,9771,9929,00:02:42.86,00:02:45.49,4
D1/P08_06,9887,10022,00:02:44.79,00:02:47.04,1
D1/P08_06,10138,10239,00:02:48.97,00:02:50.65,0
D1/P08_06,10297,10395,00:02:51.62,00:02:53.25,4
D1/P08_06,10467,10593,00:02:54.46,00:02:56.55,4
D1/P08_06,10605,10725,00:02:56.76,00:02:58.75,1
D1/P08_06,10801,10869,00:03:00.02,00:03:01.16,0
D1/P08_06,10892,10969,00:03:01.54,00:03:02.82,4
D1/P08_06,10981,11155,00:03:03.02,00:03:05.93,1
D1/P08_06,11389,11575,00:03:09.83,00:03:12.93,4
D1/P08_06,12181,12550,00:03:23.03,00:03:29.18,4
D1/P08_06,12506,12582,00:03:28.44,00:03:29.70,2
D1/P08_06,12853,12987,00:03:34.23,00:03:36.46,4
D1/P08_06,12993,13344,00:03:36.56,00:03:42.40,1
D1/P08_06,13350,13436,00:03:42.50,00:03:43.94,0
D1/P08_06,13451,13774,00:03:44.19,00:03:49.58,4
D1/P08_06,13995,14069,00:03:53.25,00:03:54.49,4
D1/P08_06,14341,14851,00:03:59.02,00:04:07.52,4
D1/P08_06,14646,14859,00:04:04.11,00:04:07.66,4
D1/P08_06,14894,14961,00:04:08.24,00:04:09.35,0
D1/P08_06,14960,15465,00:04:09.34,00:04:17.76,4
D1/P08_06,15468,15768,00:04:17.80,00:04:22.80,4
D1/P08_06,15998,16275,00:04:26.65,00:04:31.25,4
D1/P08_06,16288,16408,00:04:31.48,00:04:33.48,1
D1/P08_06,16506,16761,00:04:35.10,00:04:39.35,1
D1/P08_06,17109,17988,00:04:45.15,00:04:59.80,4
D1/P08_06,17837,17979,00:04:57.29,00:04:59.65,4
D1/P08_06,18370,18534,00:05:06.17,00:05:08.90,4
D1/P08_06,19043,19396,00:05:17.39,00:05:23.28,4
D1/P08_06,19537,20242,00:05:25.62,00:05:37.37,4
D1/P08_06,20788,21664,00:05:46.48,00:06:01.07,4
D1/P08_06,21105,22185,00:05:51.76,00:06:09.76,4
D1/P08_06,21942,22557,00:06:05.71,00:06:15.95,4
D1/P08_06,22920,22990,00:06:22.01,00:06:23.18,0
D1/P08_06,23205,23325,00:06:26.75,00:06:28.75,4
D1/P08_06,23601,23865,00:06:33.36,00:06:37.75,4
D1/P08_06,24093,24243,00:06:41.55,00:06:44.05,4
D1/P08_06,26140,26763,00:07:15.68,00:07:26.05,4
D1/P08_06,26928,27080,00:07:28.80,00:07:31.34,4
D1/P08_06,27520,27659,00:07:38.67,00:07:40.99,1
D1/P08_06,27703,27786,00:07:41.73,00:07:43.10,0
D1/P08_06,27786,27834,00:07:43.10,00:07:43.91,4
D1/P08_06,27866,27934,00:07:44.44,00:07:45.57,4
D1/P08_06,27932,28031,00:07:45.54,00:07:47.19,1
D1/P08_06,28055,28179,00:07:47.59,00:07:49.65,4
D1/P08_06,28185,28407,00:07:49.75,00:07:53.45,1
D1/P08_06,28444,28780,00:07:54.08,00:07:59.67,4
D1/P08_07,141,216,00:00:02.36,00:00:03.61,1
D1/P08_07,207,324,00:00:03.46,00:00:05.41,2
D1/P08_07,330,481,00:00:05.51,00:00:08.02,1
D1/P08_07,427,577,00:00:07.13,00:00:09.63,2
D1/P08_07,583,909,00:00:09.73,00:00:15.15,7
D1/P08_07,1102,1155,00:00:18.37,00:00:19.25,0
D1/P08_07,1194,1306,00:00:19.90,00:00:21.78,1
D1/P08_08,126,258,00:00:02.10,00:00:04.31,2
D1/P08_08,245,330,00:00:04.10,00:00:05.50,2
D1/P08_08,334,445,00:00:05.57,00:00:07.42,1
D1/P08_08,870,915,00:00:14.50,00:00:15.25,2
D1/P08_08,913,1108,00:00:15.22,00:00:18.47,4
D1/P08_08,1165,1360,00:00:19.42,00:00:22.67,0
D1/P08_08,1381,1539,00:00:23.02,00:00:25.65,0
D1/P08_08,1525,1710,00:00:25.42,00:00:28.51,5
D1/P08_08,2537,2862,00:00:42.29,00:00:47.70,0
D1/P08_08,3003,3138,00:00:50.05,00:00:52.30,5
D1/P08_08,3268,4247,00:00:54.47,00:01:10.79,5
D1/P08_08,4271,4407,00:01:11.19,00:01:13.46,1
D1/P08_08,4615,4686,00:01:16.92,00:01:18.11,1
D1/P08_08,4755,4849,00:01:19.26,00:01:20.83,2
D1/P08_08,4846,4971,00:01:20.77,00:01:22.85,0
D1/P08_08,5044,5132,00:01:24.07,00:01:25.54,0
D1/P08_08,5327,5387,00:01:28.79,00:01:29.79,2
D1/P08_08,5388,5439,00:01:29.80,00:01:30.66,0
D1/P08_08,5505,5623,00:01:31.75,00:01:33.72,2
D1/P08_08,5698,5823,00:01:34.97,00:01:37.06,0
D1/P08_08,6211,6283,00:01:43.52,00:01:44.72,2
D1/P08_08,7519,7620,00:02:05.32,00:02:07.00,1
D1/P08_08,7626,7701,00:02:07.10,00:02:08.36,2
D1/P08_08,7704,7948,00:02:08.41,00:02:12.47,1
D1/P08_08,8199,8274,00:02:16.66,00:02:17.91,0
D1/P08_08,8275,8388,00:02:17.92,00:02:19.81,0
D1/P08_11,115,198,00:00:01.92,00:00:03.31,1
D1/P08_11,460,651,00:00:07.68,00:00:10.86,0
D1/P08_11,728,1103,00:00:12.14,00:00:18.39,0
D1/P08_11,2556,2626,00:00:42.61,00:00:43.78,2
D1/P08_11,5448,5506,00:01:30.80,00:01:31.77,0
D1/P08_11,5997,6043,00:01:39.95,00:01:40.72,0
D1/P08_11,6644,6898,00:01:50.74,00:01:54.97,0
D1/P08_11,7206,7331,00:02:00.10,00:02:02.19,0
D1/P08_11,7731,7876,00:02:08.85,00:02:11.27,2
D1/P08_11,7882,8051,00:02:11.37,00:02:14.20,1
D1/P08_11,8058,8112,00:02:14.30,00:02:15.21,2
D1/P08_11,8131,8261,00:02:15.53,00:02:17.69,0
D1/P08_11,8301,8575,00:02:18.35,00:02:22.93,7
D1/P08_11,8575,9016,00:02:22.93,00:02:30.28,1
D1/P08_11,8998,9073,00:02:29.98,00:02:31.23,1
D1/P08_11,9079,9349,00:02:31.33,00:02:35.83,1
D1/P08_11,10751,10948,00:02:59.19,00:03:02.47,4
D1/P08_11,10947,11016,00:03:02.46,00:03:03.61,0
D1/P08_11,11013,11146,00:03:03.55,00:03:05.77,4
D1/P08_11,11188,11331,00:03:06.47,00:03:08.86,0
D1/P08_11,11326,11491,00:03:08.77,00:03:11.52,4
D1/P08_12,117,252,00:00:01.96,00:00:04.20,2
D1/P08_12,456,616,00:00:07.61,00:00:10.28,0
D1/P08_12,623,955,00:00:10.39,00:00:15.92,4
D1/P08_13,145,206,00:00:02.43,00:00:03.44,2
D1/P08_13,212,319,00:00:03.54,00:00:05.32,2
D1/P08_13,491,1097,00:00:08.20,00:00:18.29,0
D1/P08_18,292,451,00:00:04.88,00:00:07.52,1
D1/P08_18,433,531,00:00:07.23,00:00:08.85,0
D1/P08_18,578,670,00:00:09.64,00:00:11.17,2
D1/P08_18,756,850,00:00:12.61,00:00:14.18,1
D1/P08_18,856,1640,00:00:14.28,00:00:27.34,7
D1/P08_18,1654,1724,00:00:27.58,00:00:28.74,1
D1/P08_18,2053,2965,00:00:34.23,00:00:49.42,1
D1/P08_18,3075,3232,00:00:51.25,00:00:53.87,1
D1/P08_18,3293,3367,00:00:54.89,00:00:56.13,0
D1/P08_18,3373,3547,00:00:56.23,00:00:59.13,4
D1/P08_18,3556,3604,00:00:59.27,00:01:00.07,2
D1/P08_18,3646,3714,00:01:00.77,00:01:01.90,2
D1/P08_18,4443,4531,00:01:14.06,00:01:15.52,2
D1/P08_18,4636,4728,00:01:17.28,00:01:18.80,2
D1/P08_18,5073,5170,00:01:24.55,00:01:26.18,0
D1/P08_18,5198,5357,00:01:26.64,00:01:29.29,1
D1/P08_18,5393,5466,00:01:29.89,00:01:31.10,0
D1/P08_18,5472,5598,00:01:31.20,00:01:33.31,4
D1/P08_18,5604,5692,00:01:33.41,00:01:34.88,1
D1/P08_18,5723,6029,00:01:35.39,00:01:40.49,4
D1/P08_18,6044,6199,00:01:40.74,00:01:43.33,1
D1/P08_18,6378,6542,00:01:46.31,00:01:49.04,1
D1/P08_18,6586,6661,00:01:49.78,00:01:51.03,0
D1/P08_18,7204,7326,00:02:00.08,00:02:02.10,1
D1/P08_18,7780,7848,00:02:09.67,00:02:10.81,0
D1/P08_18,7900,8377,00:02:11.68,00:02:19.62,4
D1/P08_18,8416,8614,00:02:20.27,00:02:23.57,1
D1/P08_18,8561,8787,00:02:22.69,00:02:26.45,1
D1/P08_18,8896,9024,00:02:28.27,00:02:30.40,0
D1/P08_18,9022,9189,00:02:30.37,00:02:33.16,4
D1/P08_18,9173,9422,00:02:32.89,00:02:37.04,1
D1/P08_18,9481,9533,00:02:38.03,00:02:38.89,0
D1/P08_18,9535,9610,00:02:38.93,00:02:40.17,1
D1/P08_18,9853,10119,00:02:44.23,00:02:48.66,1
D1/P08_18,10170,10230,00:02:49.50,00:02:50.50,2
D1/P08_18,10253,10302,00:02:50.89,00:02:51.70,1
D1/P08_18,10348,10689,00:02:52.48,00:02:58.16,1
D1/P08_18,10748,10782,00:02:59.14,00:02:59.70,0
D1/P08_18,10812,11281,00:03:00.21,00:03:08.03,4
D1/P08_18,11477,11522,00:03:11.29,00:03:12.04,2
D1/P08_18,12022,12417,00:03:20.38,00:03:26.96,2
D1/P08_18,12423,12574,00:03:27.06,00:03:29.58,1
D1/P08_18,13044,13294,00:03:37.41,00:03:41.58,1
D1/P08_18,13466,13672,00:03:44.44,00:03:47.88,4
D1/P08_18,13795,14158,00:03:49.92,00:03:55.97,4
D1/P08_18,14434,14896,00:04:00.58,00:04:08.27,4
D1/P08_18,14900,15000,00:04:08.34,00:04:10.01,0
D1/P08_18,15503,16063,00:04:18.39,00:04:27.72,4
D1/P08_18,16069,16339,00:04:27.82,00:04:32.33,4
D1/P08_18,16840,17302,00:04:40.67,00:04:48.38,4
D1/P08_18,17296,17394,00:04:48.27,00:04:49.90,4
D1/P08_18,17400,17931,00:04:50.00,00:04:58.86,4
D1/P08_18,18464,18923,00:05:07.74,00:05:15.39,4
D1/P08_18,18709,19872,00:05:11.82,00:05:31.20,4
D1/P08_18,20426,20480,00:05:40.44,00:05:41.34,1
D1/P08_18,20521,21196,00:05:42.03,00:05:53.27,4
D1/P08_18,21079,21745,00:05:51.32,00:06:02.42,4
D1/P08_18,21679,22180,00:06:01.33,00:06:09.67,4
D1/P08_18,22582,23269,00:06:16.38,00:06:27.82,4
D1/P08_18,23460,23931,00:06:31.00,00:06:38.85,4
D1/P08_18,24126,24420,00:06:42.11,00:06:47.00,4
D1/P08_18,24447,25444,00:06:47.46,00:07:04.07,4
D1/P08_18,25609,25735,00:07:06.83,00:07:08.93,4
D1/P08_18,26947,27112,00:07:29.13,00:07:31.87,1
D1/P08_18,27139,27218,00:07:32.32,00:07:33.64,0
D1/P08_18,27224,27462,00:07:33.74,00:07:37.70,4
D1/P08_18,27718,27777,00:07:41.97,00:07:42.96,2
D1/P08_18,28015,28071,00:07:46.93,00:07:47.86,0
D1/P08_18,28269,28815,00:07:51.16,00:08:00.26,0
D1/P08_18,29134,29505,00:08:05.57,00:08:11.75,1
D1/P08_18,29620,29727,00:08:13.68,00:08:15.45,1
D1/P08_18,29726,29888,00:08:15.44,00:08:18.14,0
D1/P08_19,2404,2488,00:00:40.08,00:00:41.48,1
D1/P08_19,2965,3414,00:00:49.43,00:00:56.91,4
D1/P08_19,3568,3618,00:00:59.48,00:01:00.30,1
D1/P08_19,3723,3770,00:01:02.05,00:01:02.84,2
D1/P08_19,3772,3856,00:01:02.88,00:01:04.27,0
D1/P08_19,4343,4414,00:01:12.39,00:01:13.58,0
D1/P08_19,4449,4528,00:01:14.16,00:01:15.48,0
D1/P08_19,4521,4605,00:01:15.35,00:01:16.76,0
D1/P08_19,4585,4888,00:01:16.42,00:01:21.47,5
D1/P08_19,5426,5488,00:01:30.44,00:01:31.47,4
D1/P08_19,5605,5732,00:01:33.42,00:01:35.54,0
D1/P08_19,5738,6158,00:01:35.64,00:01:42.64,4
D1/P08_19,6188,6293,00:01:43.14,00:01:44.89,0
D1/P08_19,6299,6704,00:01:44.99,00:01:51.74,7
D1/P08_19,7010,7085,00:01:56.84,00:01:58.09,1
D1/P08_20,171,294,00:00:02.86,00:00:04.91,0
D1/P08_20,824,996,00:00:13.74,00:00:16.60,0
D1/P08_20,1002,1194,00:00:16.70,00:00:19.90,0
D1/P08_20,1463,1508,00:00:24.39,00:00:25.14,1
D1/P08_20,1571,1702,00:00:26.19,00:00:28.38,0
D1/P08_20,1774,1873,00:00:29.58,00:00:31.23,0
D1/P08_20,1879,2150,00:00:31.33,00:00:35.84,5
D1/P08_20,2372,2492,00:00:39.54,00:00:41.54,5
D1/P08_20,2562,2629,00:00:42.71,00:00:43.82,2
D1/P08_20,2646,2813,00:00:44.10,00:00:46.89,0
D1/P08_20,2929,2999,00:00:48.83,00:00:49.99,2
D1/P08_20,2988,3100,00:00:49.80,00:00:51.67,0
D1/P08_20,8040,8600,00:02:14.00,00:02:23.34,5
D1/P08_20,8078,8243,00:02:14.64,00:02:17.39,5
D1/P08_20,9166,9322,00:02:32.78,00:02:35.38,0
D1/P08_20,9583,9706,00:02:39.73,00:02:41.77,1
D1/P08_20,9975,10078,00:02:46.25,00:02:47.98,4
D1/P08_20,10169,10267,00:02:49.49,00:02:51.13,4
D1/P08_20,10538,10825,00:02:55.64,00:03:00.43,4
D1/P08_20,11072,11162,00:03:04.54,00:03:06.04,1
D1/P08_20,11183,11232,00:03:06.39,00:03:07.21,0
D1/P08_20,11266,11395,00:03:07.77,00:03:09.93,0
D1/P08_20,11382,11577,00:03:09.71,00:03:12.96,4
D1/P08_20,12085,12170,00:03:21.43,00:03:22.84,0
D1/P08_20,12229,12298,00:03:23.83,00:03:24.98,1
D1/P08_21,120,201,00:00:02.00,00:00:03.35,2
D1/P08_21,318,468,00:00:05.31,00:00:07.81,2
D1/P08_21,462,699,00:00:07.71,00:00:11.66,2
D1/P08_21,1248,1356,00:00:20.80,00:00:22.61,1
D1/P08_21,2477,2628,00:00:41.29,00:00:43.80,4
D1/P08_21,2940,3054,00:00:49.00,00:00:50.91,1
D1/P08_21,3777,3897,00:01:02.95,00:01:04.95,1
D1/P08_21,4230,4350,00:01:10.50,00:01:12.50,1
D1/P08_21,4719,4824,00:01:18.65,00:01:20.40,2
D1/P08_21,4830,4920,00:01:20.50,00:01:22.00,1
D1/P08_21,4940,5077,00:01:22.34,00:01:24.62,1
D1/P08_21,5101,5203,00:01:25.03,00:01:26.73,0
D1/P08_21,5209,5297,00:01:26.83,00:01:28.29,1
D1/P08_21,5334,5483,00:01:28.90,00:01:31.39,1
D1/P08_21,5470,5720,00:01:31.17,00:01:35.34,0
D1/P08_21,5739,5822,00:01:35.65,00:01:37.04,1
D1/P08_21,6147,6233,00:01:42.46,00:01:43.89,0
D1/P08_21,6271,6510,00:01:44.52,00:01:48.51,1
D1/P08_21,6870,7095,00:01:54.50,00:01:58.25,0
D1/P08_21,7153,7288,00:01:59.23,00:02:01.47,1
D1/P08_21,7371,7721,00:02:02.86,00:02:08.69,0
D1/P08_21,7722,7872,00:02:08.71,00:02:11.21,1
D1/P08_21,7787,7870,00:02:09.79,00:02:11.17,1
D1/P08_21,8142,8260,00:02:15.71,00:02:17.68,1
D1/P08_21,8426,8573,00:02:20.44,00:02:22.89,0
D1/P08_21,9152,9407,00:02:32.54,00:02:36.79,0
D1/P08_21,9434,10214,00:02:37.24,00:02:50.24,1
D1/P08_21,9511,10161,00:02:38.52,00:02:49.35,1
D1/P08_21,10482,10685,00:02:54.70,00:02:58.09,1
D1/P08_21,10851,10911,00:03:00.86,00:03:01.86,2
D1/P08_21,10973,11018,00:03:02.89,00:03:03.64,1
D1/P08_21,11069,11129,00:03:04.49,00:03:05.49,1
D1/P08_21,11135,11240,00:03:05.59,00:03:07.34,1
D1/P08_21,11261,12182,00:03:07.69,00:03:23.04,1
D1/P08_21,12186,12276,00:03:23.11,00:03:24.61,1
D1/P08_21,12435,12510,00:03:27.25,00:03:28.50,0
D1/P08_21,12570,12658,00:03:29.50,00:03:30.98,1
D1/P08_21,12714,12788,00:03:31.90,00:03:33.14,2
D1/P08_21,12940,13027,00:03:35.68,00:03:37.13,1
D1/P08_21,13088,13181,00:03:38.14,00:03:39.69,1
D1/P08_21,13233,13318,00:03:40.56,00:03:41.97,0
D1/P08_21,13359,13452,00:03:42.65,00:03:44.20,4
D1/P08_21,13459,13529,00:03:44.32,00:03:45.49,1
D1/P08_21,13541,13630,00:03:45.69,00:03:47.18,1
D1/P08_21,13870,13944,00:03:51.17,00:03:52.40,0
D1/P08_21,13950,14113,00:03:52.50,00:03:55.23,4
D1/P08_21,14105,14228,00:03:55.09,00:03:57.14,2
D1/P08_21,14220,14662,00:03:57.01,00:04:04.38,1
D1/P08_21,14663,14759,00:04:04.39,00:04:05.99,1
D1/P08_21,14775,15285,00:04:06.26,00:04:14.76,1
D1/P08_21,15427,15501,00:04:17.12,00:04:18.36,2
D1/P08_21,15493,15673,00:04:18.23,00:04:21.22,1
D1/P08_21,15653,15748,00:04:20.90,00:04:22.48,0
D1/P08_21,16095,16185,00:04:28.25,00:04:29.75,2
D1/P08_21,16206,16386,00:04:30.10,00:04:33.10,0
D1/P08_21,16414,16479,00:04:33.58,00:04:34.66,2
D1/P08_21,16614,16677,00:04:36.91,00:04:37.95,0
D1/P08_21,16942,16996,00:04:42.38,00:04:43.27,2
D1/P08_21,16981,17101,00:04:43.03,00:04:45.03,0
D1/P08_21,17218,17308,00:04:46.98,00:04:48.48,2
D1/P08_21,17329,17492,00:04:48.83,00:04:51.54,0
D1/P08_21,18015,18058,00:05:00.25,00:05:00.98,1
D1/P08_21,18641,18748,00:05:10.69,00:05:12.47,1
D1/P08_21,18770,18845,00:05:12.84,00:05:14.09,2
D1/P08_21,18853,18955,00:05:14.22,00:05:15.92,0
D1/P08_21,19140,19336,00:05:19.00,00:05:22.27,7
D1/P08_21,19441,19684,00:05:24.02,00:05:28.08,2
D1/P08_21,19788,19848,00:05:29.80,00:05:30.80,0
D1/P08_21,20415,20700,00:05:40.25,00:05:45.00,7
D1/P08_21,21424,21597,00:05:57.07,00:05:59.95,7
D1/P08_21,21577,21772,00:05:59.63,00:06:02.87,7
D1/P08_21,21778,22045,00:06:02.97,00:06:07.42,6
D1/P08_21,23217,23298,00:06:26.95,00:06:28.30,2
D1/P08_21,23238,23613,00:06:27.30,00:06:33.55,0
D1/P08_21,23304,23439,00:06:28.40,00:06:30.65,1
D1/P08_21,23687,23868,00:06:34.79,00:06:37.81,0
D1/P08_21,24021,24066,00:06:40.36,00:06:41.10,2
D1/P08_21,24120,24547,00:06:42.00,00:06:49.13,7
D1/P08_21,25692,25741,00:07:08.21,00:07:09.03,2
D1/P08_21,25825,25921,00:07:10.43,00:07:12.03,1
D1/P08_21,25933,26532,00:07:12.23,00:07:22.20,0
D1/P08_21,25959,26291,00:07:12.66,00:07:18.19,2
D1/P08_21,26284,26528,00:07:18.07,00:07:22.14,7
D1/P08_21,26539,26644,00:07:22.32,00:07:24.07,1
D1/P08_21,26727,28155,00:07:25.46,00:07:49.25,6
D1/P08_21,28192,28266,00:07:49.88,00:07:51.11,2
D1/P08_21,28296,28593,00:07:51.60,00:07:56.56,0
D1/P08_21,28690,28762,00:07:58.17,00:07:59.38,0
D1/P08_21,29245,29320,00:08:07.43,00:08:08.68,1
D1/P08_21,29424,29469,00:08:10.40,00:08:11.15,2
D1/P08_21,30867,30987,00:08:34.45,00:08:36.45,1
D1/P08_21,31857,31932,00:08:50.96,00:08:52.21,2
D1/P08_21,31906,31982,00:08:51.78,00:08:53.04,1
D1/P08_21,32088,32256,00:08:54.81,00:08:57.60,4
D1/P08_21,32321,32425,00:08:58.69,00:09:00.42,2
D1/P08_21,32431,32516,00:09:00.52,00:09:01.94,0
D1/P08_21,32652,32704,00:09:04.20,00:09:05.08,2
D1/P08_21,32710,32933,00:09:05.18,00:09:08.89,7
D1/P08_21,34713,34799,00:09:38.56,00:09:39.99,0
D1/P08_21,35329,36028,00:09:48.83,00:10:00.47,4
D1/P08_21,36018,36914,00:10:00.30,00:10:15.24,4
D1/P08_21,37105,37269,00:10:18.42,00:10:21.16,4
D1/P08_21,37257,37516,00:10:20.96,00:10:25.27,4
D1/P08_21,37572,37681,00:10:26.21,00:10:28.02,0
D1/P08_21,37683,37827,00:10:28.05,00:10:30.46,4
D1/P08_21,38176,38639,00:10:36.28,00:10:43.99,6
D1/P08_21,38645,40064,00:10:44.09,00:11:07.74,6
D1/P08_21,40425,40489,00:11:13.76,00:11:14.83,2
D1/P08_21,40472,40608,00:11:14.54,00:11:16.80,1
D1/P08_21,40717,40951,00:11:18.63,00:11:22.52,0
D1/P08_21,40748,40923,00:11:19.14,00:11:22.05,7
D1/P08_21,41046,41196,00:11:24.10,00:11:26.60,1
D1/P08_21,41221,41341,00:11:27.02,00:11:29.02,2
D1/P08_21,41520,41610,00:11:32.00,00:11:33.50,2
D1/P08_21,41623,41794,00:11:33.73,00:11:36.58,0
D1/P08_21,41974,42055,00:11:39.57,00:11:40.93,2
D1/P08_21,42049,42154,00:11:40.82,00:11:42.57,0
D1/P08_21,42236,42332,00:11:43.94,00:11:45.54,2
D1/P08_21,42926,43059,00:11:55.44,00:11:57.66,1
D1/P08_21,43008,43732,00:11:56.81,00:12:08.87,6
D1/P08_21,43731,43853,00:12:08.86,00:12:10.89,2
D1/P08_21,43850,44032,00:12:10.84,00:12:13.87,7
D1/P08_21,44126,44215,00:12:15.44,00:12:16.93,2
D1/P08_21,44214,44269,00:12:16.91,00:12:17.82,1
D1/P08_21,44307,44409,00:12:18.45,00:12:20.15,2
D1/P08_21,44413,44611,00:12:20.23,00:12:23.53,0
D1/P08_21,45459,46050,00:12:37.66,00:12:47.50,6
D1/P08_21,46025,46154,00:12:47.09,00:12:49.24,2
D1/P08_21,46340,47061,00:12:52.34,00:13:04.35,6
D1/P08_21,47067,47241,00:13:04.45,00:13:07.35,7
D1/P08_21,47280,48219,00:13:08.00,00:13:23.66,6
D1/P08_21,48270,48415,00:13:24.50,00:13:26.92,7
D1/P08_21,48547,48597,00:13:29.13,00:13:29.95,1
D1/P08_21,48927,49768,00:13:35.45,00:13:49.47,6
D1/P08_21,49089,50543,00:13:38.15,00:14:02.39,6
D1/P08_21,50601,50682,00:14:03.36,00:14:04.70,2
D1/P08_21,50857,50932,00:14:07.63,00:14:08.87,2
D1/P08_21,50933,51070,00:14:08.89,00:14:11.18,0
D1/P08_21,51342,51626,00:14:15.70,00:14:20.44,7
D1/P08_21,52047,52384,00:14:27.46,00:14:33.08,6
D1/P08_21,53085,53151,00:14:44.76,00:14:45.85,0
D1/P08_21,53157,53573,00:14:45.95,00:14:52.89,0
D1/P08_21,53632,53967,00:14:53.87,00:14:59.46,7
D1/P08_21,54165,54711,00:15:02.75,00:15:11.85,6
D1/P08_21,54196,54369,00:15:03.27,00:15:06.16,6
D1/P08_21,54820,55110,00:15:13.67,00:15:18.51,7
D1/P08_21,55116,56401,00:15:18.61,00:15:40.03,7
D1/P08_21,56416,56500,00:15:40.27,00:15:41.68,1
D1/P08_21,58571,58683,00:16:16.19,00:16:18.05,1
D1/P08_21,58740,58845,00:16:19.00,00:16:20.75,4
D1/P08_21,59299,59346,00:16:28.33,00:16:29.11,2
D1/P08_21,59346,59409,00:16:29.10,00:16:30.15,2
D1/P08_21,59412,59742,00:16:30.20,00:16:35.70,0
D1/P08_21,59880,59928,00:16:38.01,00:16:38.80,2
D1/P08_21,60290,60470,00:16:44.84,00:16:47.84,0
D1/P08_21,60663,60728,00:16:51.05,00:16:52.14,2
D1/P08_21,60729,60797,00:16:52.15,00:16:53.29,0
D1/P08_21,60933,61083,00:16:55.55,00:16:58.05,5
D1/P08_21,61420,61477,00:17:03.68,00:17:04.62,0
D1/P08_21,61462,61705,00:17:04.37,00:17:08.42,5
D1/P08_21,61771,61948,00:17:09.53,00:17:12.47,2
D1/P08_21,62060,62302,00:17:14.35,00:17:18.38,7
D1/P08_21,62416,62673,00:17:20.28,00:17:24.56,7
D1/P08_21,62671,62733,00:17:24.53,00:17:25.55,2
D1/P08_21,62720,62874,00:17:25.35,00:17:27.90,0
D1/P08_21,63028,63498,00:17:30.47,00:17:38.30,1
D1/P08_21,63155,63890,00:17:32.60,00:17:44.85,1
D1/P08_21,63939,64242,00:17:45.65,00:17:50.71,1
D1/P08_21,64280,64493,00:17:51.34,00:17:54.89,4
D1/P08_21,65069,65171,00:18:04.49,00:18:06.19,2
D1/P08_21,65177,65287,00:18:06.29,00:18:08.13,0
D1/P08_21,65818,65902,00:18:16.98,00:18:18.37,2
D1/P08_21,65918,65964,00:18:18.64,00:18:19.40,0
D1/P08_21,65992,66063,00:18:19.88,00:18:21.05,2
D1/P08_21,66459,66613,00:18:27.65,00:18:30.23,1
D1/P08_21,67642,67753,00:18:47.38,00:18:49.22,2
D1/P08_21,67791,67833,00:18:49.85,00:18:50.56,0
D1/P08_21,67837,67948,00:18:50.63,00:18:52.47,1
D1/P08_21,68611,68702,00:19:03.52,00:19:05.04,0
D1/P08_21,69227,69286,00:19:13.79,00:19:14.78,2
D1/P08_21,69270,69330,00:19:14.51,00:19:15.50,1
D1/P08_21,69467,69552,00:19:17.79,00:19:19.20,0
D1/P08_21,69640,69728,00:19:20.68,00:19:22.14,2
D1/P08_21,70162,70237,00:19:29.38,00:19:30.62,1
D1/P08_21,70765,70802,00:19:39.42,00:19:40.04,2
D1/P08_21,70852,70964,00:19:40.88,00:19:42.74,0
D1/P08_21,71487,71563,00:19:51.45,00:19:52.73,2
D1/P08_21,71618,71687,00:19:53.64,00:19:54.79,0
D1/P08_21,71682,71779,00:19:54.70,00:19:56.32,0
D1/P08_21,71803,71997,00:19:56.73,00:19:59.96,1
D1/P08_21,72115,72192,00:20:01.93,00:20:03.20,2
D1/P08_21,72208,72273,00:20:03.48,00:20:04.56,1
D1/P08_21,72394,72491,00:20:06.57,00:20:08.19,2
D1/P08_21,72592,72681,00:20:09.88,00:20:11.35,1
D1/P08_21,72974,73038,00:20:16.24,00:20:17.30,1
D1/P08_21,73095,73191,00:20:18.26,00:20:19.86,2
D1/P08_21,73346,73886,00:20:22.44,00:20:31.44,6
D1/P08_21,73885,74968,00:20:31.42,00:20:49.48,6
D1/P08_21,75102,75218,00:20:51.70,00:20:53.64,2
D1/P08_21,75183,75244,00:20:53.05,00:20:54.08,0
D1/P08_21,76506,76581,00:21:15.10,00:21:16.36,0
D1/P08_21,76616,76755,00:21:16.94,00:21:19.26,0
D1/P08_21,76960,77016,00:21:22.67,00:21:23.60,2
D1/P08_21,77179,77241,00:21:26.33,00:21:27.36,1
D1/P08_21,77430,77477,00:21:30.51,00:21:31.29,2
D1/P08_21,77466,77558,00:21:31.11,00:21:32.64,1
D1/P08_21,77693,78089,00:21:34.89,00:21:41.49,6
D1/P08_21,78165,78231,00:21:42.75,00:21:43.86,0
D1/P08_21,78525,78630,00:21:48.76,00:21:50.51,1
D1/P08_21,78838,79692,00:21:53.97,00:22:08.21,1
D1/P08_21,79698,80155,00:22:08.31,00:22:15.92,1
D1/P08_21,80255,80365,00:22:17.59,00:22:19.43,2
D1/P08_21,80347,80589,00:22:19.12,00:22:23.16,0
D1/P08_21,80753,81174,00:22:25.89,00:22:32.91,2
D1/P08_21,81208,81294,00:22:33.47,00:22:34.91,2
D1/P08_21,81280,81521,00:22:34.68,00:22:38.69,0
D1/P08_21,81639,81730,00:22:40.66,00:22:42.18,0
D1/P08_21,81715,82216,00:22:41.93,00:22:50.27,1
D1/P08_21,81718,81847,00:22:41.97,00:22:44.12,1
D1/P08_21,81848,81953,00:22:44.14,00:22:45.89,0
D1/P08_21,82678,82749,00:22:57.97,00:22:59.15,0
D1/P08_21,82952,83042,00:23:02.54,00:23:04.04,0
D1/P08_21,83301,83362,00:23:08.36,00:23:09.37,0
D1/P08_21,83793,83872,00:23:16.56,00:23:17.87,1
D1/P08_21,83915,84046,00:23:18.59,00:23:20.78,4
D1/P08_21,84202,84336,00:23:23.38,00:23:25.61,0
D1/P08_22,135,232,00:00:02.25,00:00:03.87,0
D1/P08_22,232,384,00:00:03.88,00:00:06.41,1
D1/P08_22,383,458,00:00:06.39,00:00:07.64,2
D1/P08_22,492,663,00:00:08.21,00:00:11.05,0
D1/P08_22,653,898,00:00:10.89,00:00:14.98,1
D1/P08_22,863,1316,00:00:14.39,00:00:21.94,1
D1/P08_22,1342,1398,00:00:22.37,00:00:23.31,0
D1/P08_22,1413,1456,00:00:23.55,00:00:24.27,0
D1/P08_22,1474,1556,00:00:24.58,00:00:25.94,1
D1/P08_22,1561,1658,00:00:26.02,00:00:27.64,1
D1/P08_22,1740,1961,00:00:29.00,00:00:32.69,1
D1/P08_22,2178,2262,00:00:36.31,00:00:37.71,0
D1/P08_22,2269,2472,00:00:37.83,00:00:41.21,1
D1/P08_22,2718,2877,00:00:45.31,00:00:47.95,4
D1/P08_22,3037,3244,00:00:50.63,00:00:54.08,4
D1/P08_22,3386,3477,00:00:56.44,00:00:57.95,4
D1/P08_22,3483,3537,00:00:58.05,00:00:58.95,0
D1/P08_22,3857,4118,00:01:04.29,00:01:08.64,4
D1/P08_22,4124,4674,00:01:08.74,00:01:17.91,4
D1/P08_22,5689,5816,00:01:34.82,00:01:36.94,1
D1/P08_22,5950,6161,00:01:39.18,00:01:42.69,1
D1/P08_22,6139,6244,00:01:42.33,00:01:44.07,0
D1/P08_22,6235,6688,00:01:43.92,00:01:51.47,4
D1/P08_22,7151,7302,00:01:59.19,00:02:01.71,1
D1/P08_23,237,301,00:00:03.96,00:00:05.02,2
D1/P08_23,354,453,00:00:05.90,00:00:07.55,0
D1/P08_23,527,612,00:00:08.79,00:00:10.21,0
D1/P08_23,651,845,00:00:10.85,00:00:14.09,0
D1/P08_23,744,904,00:00:12.40,00:00:15.07,0
D1/P08_23,1033,1142,00:00:17.22,00:00:19.04,2
D1/P08_23,1131,1262,00:00:18.85,00:00:21.04,0
D1/P08_23,1494,1658,00:00:24.91,00:00:27.64,0
D1/P08_23,1800,2163,00:00:30.01,00:00:36.06,2
D1/P08_23,2215,2496,00:00:36.93,00:00:41.60,1
D1/P08_23,2515,2716,00:00:41.92,00:00:45.28,1
D1/P08_23,3855,4062,00:01:04.26,00:01:07.71,0
D1/P08_23,4228,4260,00:01:10.47,00:01:11.01,0
D1/P08_23,4386,4439,00:01:13.10,00:01:13.99,2
D1/P08_23,4632,5001,00:01:17.20,00:01:23.35,0
D1/P08_23,5010,5139,00:01:23.51,00:01:25.66,1
D1/P08_23,5173,5346,00:01:26.22,00:01:29.11,0
D1/P08_23,5487,5541,00:01:31.45,00:01:32.35,1
D1/P08_23,5733,6140,00:01:35.56,00:01:42.34,4
D1/P08_23,6174,6387,00:01:42.91,00:01:46.46,0
D1/P08_23,6379,6673,00:01:46.32,00:01:51.22,4
D1/P08_23,6881,7008,00:01:54.69,00:01:56.80,4
D1/P08_23,7014,7073,00:01:56.90,00:01:57.89,0
D1/P08_23,7188,7378,00:01:59.81,00:02:02.98,0
D1/P08_23,7400,7794,00:02:03.34,00:02:09.91,4
D1/P08_23,8004,8941,00:02:13.40,00:02:29.03,4
D1/P08_23,8875,9169,00:02:27.93,00:02:32.83,4
D1/P08_23,9405,9470,00:02:36.75,00:02:37.84,0
D1/P08_23,9561,10437,00:02:39.36,00:02:53.95,5
D1/P08_23,10120,11475,00:02:48.67,00:03:11.25,5
D1/P08_23,10517,11043,00:02:55.29,00:03:04.05,5
D1/P08_23,11466,11515,00:03:11.10,00:03:11.93,0
D1/P08_23,11560,11920,00:03:12.67,00:03:18.67,4
D1/P08_23,11937,12046,00:03:18.96,00:03:20.77,4
D1/P08_23,12237,12609,00:03:23.96,00:03:30.16,0
D1/P08_23,12703,12961,00:03:31.72,00:03:36.02,4
D1/P08_23,13036,13131,00:03:37.28,00:03:38.86,0
D1/P08_23,13162,13328,00:03:39.38,00:03:42.14,4
D1/P08_23,13409,13439,00:03:43.49,00:03:43.99,1
D1/P08_23,13579,13773,00:03:46.32,00:03:49.56,4
D1/P08_23,13776,13866,00:03:49.60,00:03:51.10,1
D1/P08_23,14223,14253,00:03:57.05,00:03:57.56,1
D1/P08_23,14384,15000,00:03:59.74,00:04:10.00,4
D1/P08_23,15005,15149,00:04:10.09,00:04:12.49,1
D1/P08_23,15044,15124,00:04:10.74,00:04:12.07,1
D1/P08_23,15388,15550,00:04:16.48,00:04:19.18,4
D1/P08_23,15892,16002,00:04:24.88,00:04:26.70,0
D1/P08_23,16060,16806,00:04:27.67,00:04:40.10,0
D1/P08_23,16073,16883,00:04:27.89,00:04:41.39,0
D1/P08_23,16845,17015,00:04:40.75,00:04:43.59,0
D1/P08_23,17929,18014,00:04:58.82,00:05:00.24,4
D1/P08_23,18295,18523,00:05:04.93,00:05:08.72,1
D1/P08_23,18799,18931,00:05:13.32,00:05:15.53,0
D1/P08_23,18955,19071,00:05:15.93,00:05:17.85,0
D1/P08_23,19104,19215,00:05:18.41,00:05:20.26,1
D1/P08_23,19272,19390,00:05:21.20,00:05:23.18,0
D1/P08_23,19418,19625,00:05:23.64,00:05:27.09,1
D1/P08_23,19704,19799,00:05:28.40,00:05:29.99,0
D1/P08_23,19793,20119,00:05:29.89,00:05:35.32,4
D1/P08_23,20125,20179,00:05:35.42,00:05:36.33,2
D1/P08_23,20268,20476,00:05:37.81,00:05:41.28,2
D1/P08_23,20508,20728,00:05:41.80,00:05:45.48,0
D1/P08_23,20751,21447,00:05:45.86,00:05:57.46,0
D1/P08_23,21465,21555,00:05:57.75,00:05:59.25,2
D1/P08_23,21543,22020,00:05:59.05,00:06:07.01,4
D1/P08_23,22017,22146,00:06:06.96,00:06:09.11,1
D1/P08_23,22158,22552,00:06:09.30,00:06:15.87,0
D1/P08_23,22533,22837,00:06:15.56,00:06:20.62,4
D1/P08_23,22878,22992,00:06:21.30,00:06:23.21,1
D1/P08_23,23022,23089,00:06:23.71,00:06:24.82,2
D1/P08_23,23120,23254,00:06:25.34,00:06:27.57,0
D1/P08_23,23332,23725,00:06:28.88,00:06:35.42,1
D1/P08_23,23826,23929,00:06:37.10,00:06:38.83,2
D1/P08_23,23919,24025,00:06:38.65,00:06:40.42,1
D1/P08_23,24627,25315,00:06:50.45,00:07:01.93,0
D1/P08_23,25281,25399,00:07:01.36,00:07:03.32,0
D1/P08_23,25453,26443,00:07:04.22,00:07:20.72,5
D1/P08_23,25883,27276,00:07:11.39,00:07:34.61,5
D1/P08_23,27299,27588,00:07:34.99,00:07:39.81,1
D1/P08_23,27713,28315,00:07:41.89,00:07:51.92,0
D1/P08_23,28267,28477,00:07:51.12,00:07:54.62,4
D1/P08_23,28506,29646,00:07:55.10,00:08:14.11,5
D1/P08_23,29701,29855,00:08:15.03,00:08:17.59,1
D1/P08_23,29843,30027,00:08:17.39,00:08:20.46,0
D1/P08_23,30018,30112,00:08:20.31,00:08:21.88,4
D1/P08_23,31008,31585,00:08:36.81,00:08:46.43,5
D1/P08_23,31600,31787,00:08:46.67,00:08:49.80,1
D1/P08_23,32016,32267,00:08:53.61,00:08:57.79,0
D1/P08_23,32273,32704,00:08:57.89,00:09:05.08,5
D1/P08_23,32919,33226,00:09:08.65,00:09:13.77,0
D1/P08_23,33263,34890,00:09:14.39,00:09:41.51,5
D1/P08_23,34870,34976,00:09:41.18,00:09:42.94,1
D1/P08_23,34975,35263,00:09:42.93,00:09:47.73,0
D1/P08_23,35256,35412,00:09:47.60,00:09:50.21,4
D1/P08_23,35380,35658,00:09:49.67,00:09:54.31,5
D1/P08_23,39052,39297,00:10:50.88,00:10:54.96,1
D1/P08_23,39303,40330,00:10:55.06,00:11:12.17,5
D1/P08_23,40514,40821,00:11:15.24,00:11:20.35,1
D1/P08_23,41062,41585,00:11:24.37,00:11:33.09,5
D1/P08_23,41678,41794,00:11:34.64,00:11:36.57,0
D1/P08_23,41968,42055,00:11:39.48,00:11:40.92,0
D1/P08_23,42178,42715,00:11:42.97,00:11:51.92,5
D1/P08_23,42500,43175,00:11:48.34,00:11:59.59,5
D1/P08_23,44596,45504,00:12:23.27,00:12:38.41,5
D1/P08_23,46164,46440,00:12:49.40,00:12:54.00,4
D1/P08_23,46446,46861,00:12:54.10,00:13:01.03,0
D1/P08_23,47070,47188,00:13:04.50,00:13:06.47,4
D1/P08_23,47262,47793,00:13:07.70,00:13:16.55,4
D1/P08_23,47798,48005,00:13:16.64,00:13:20.09,4
D1/P08_23,48081,48231,00:13:21.35,00:13:23.85,1
D1/P08_23,48201,48281,00:13:23.36,00:13:24.69,0
D1/P08_23,48519,48600,00:13:28.66,00:13:30.00,4
D1/P08_23,48651,48751,00:13:30.85,00:13:32.52,0
D1/P08_23,49116,49231,00:13:38.60,00:13:40.52,2
D1/P08_23,49214,49353,00:13:40.24,00:13:42.55,1
D1/P08_23,49470,49531,00:13:44.51,00:13:45.52,0
D1/P08_23,49536,49608,00:13:45.61,00:13:46.80,0
D1/P08_23,49822,49896,00:13:50.37,00:13:51.61,4
D1/P08_23,50649,50787,00:14:04.15,00:14:06.45,0
D1/P08_23,50823,50883,00:14:07.05,00:14:08.05,1
D1/P08_23,50949,51249,00:14:09.15,00:14:14.15,1
D1/P08_23,51336,52464,00:14:15.61,00:14:34.41,5
D1/P08_23,51821,53338,00:14:23.69,00:14:48.98,5
D1/P08_23,52900,53316,00:14:41.67,00:14:48.60,5
D1/P08_23,53730,54170,00:14:55.51,00:15:02.84,5
D1/P08_23,54176,55065,00:15:02.94,00:15:17.76,5
D1/P08_23,55342,56321,00:15:22.37,00:15:38.69,5
D1/P08_23,57068,57124,00:15:51.14,00:15:52.07,2
D1/P08_23,57127,57198,00:15:52.12,00:15:53.30,2
D1/P08_23,57234,57317,00:15:53.91,00:15:55.29,0
D1/P08_23,58186,58237,00:16:09.77,00:16:10.62,1
D1/P08_23,58260,58306,00:16:11.01,00:16:11.77,2
D1/P08_23,58415,58514,00:16:13.59,00:16:15.24,0
D1/P08_23,58598,58694,00:16:16.64,00:16:18.24,2
D1/P08_23,58640,58715,00:16:17.34,00:16:18.59,1
D1/P08_23,59383,60115,00:16:29.72,00:16:41.92,0
D1/P08_23,60386,60736,00:16:46.44,00:16:52.27,1
D1/P08_23,60774,60829,00:16:52.91,00:16:53.83,0
D1/P08_23,61391,61646,00:17:03.19,00:17:07.44,0
D1/P08_23,61669,62080,00:17:07.83,00:17:14.67,0
D1/P08_23,62085,62164,00:17:14.76,00:17:16.08,1
D1/P08_23,62476,62721,00:17:21.28,00:17:25.36,0
D1/P08_23,63260,63665,00:17:34.34,00:17:41.09,0
D1/P08_23,63660,64160,00:17:41.01,00:17:49.34,0
D1/P08_23,64630,64720,00:17:57.17,00:17:58.67,4
D1/P08_23,64756,64819,00:17:59.28,00:18:00.33,4
D1/P08_23,64831,64910,00:18:00.52,00:18:01.85,0
D1/P08_23,64961,65013,00:18:02.69,00:18:03.55,2
D1/P08_23,65034,65106,00:18:03.90,00:18:05.11,0
D1/P08_23,65066,65284,00:18:04.44,00:18:08.08,1
D1/P08_23,65384,65487,00:18:09.74,00:18:11.46,1
D1/P08_23,65665,65920,00:18:14.43,00:18:18.68,1
D1/P08_23,66225,66346,00:18:23.75,00:18:25.77,1
D1/P08_23,66566,66738,00:18:29.44,00:18:32.30,1
D1/P08_23,67213,67831,00:18:40.22,00:18:50.52,1
D1/P08_23,67905,67969,00:18:51.75,00:18:52.83,4
D1/P08_23,67977,68041,00:18:52.95,00:18:54.03,4
D1/P08_23,68127,68230,00:18:55.46,00:18:57.18,2
D1/P08_23,68281,68519,00:18:58.02,00:19:01.99,0
D1/P08_23,68525,68683,00:19:02.09,00:19:04.73,1
D1/P08_23,68689,68953,00:19:04.83,00:19:09.23,0
D1/P08_23,68959,69133,00:19:09.33,00:19:12.22,1
D1/P08_23,69139,69265,00:19:12.32,00:19:14.43,0
D1/P08_23,69793,69858,00:19:23.23,00:19:24.31,2
D1/P08_23,69852,69923,00:19:24.20,00:19:25.39,0
D1/P08_23,69927,69981,00:19:25.46,00:19:26.35,0
D1/P08_23,69987,70162,00:19:26.45,00:19:29.38,7
D1/P08_23,70161,70363,00:19:29.35,00:19:32.73,7
D1/P08_23,70485,70839,00:19:34.76,00:19:40.65,6
D1/P08_23,70659,72085,00:19:37.65,00:20:01.43,6
D1/P08_23,72541,72895,00:20:09.02,00:20:14.93,6
D1/P08_23,72957,73018,00:20:15.96,00:20:16.97,2
D1/P08_23,73009,73076,00:20:16.82,00:20:17.94,2
D1/P08_23,73168,73220,00:20:19.47,00:20:20.34,0
D1/P08_23,73372,73534,00:20:22.87,00:20:25.58,2
D1/P08_23,73604,73678,00:20:26.74,00:20:27.98,2
D1/P08_23,73683,74017,00:20:28.06,00:20:33.63,0
D1/P08_23,74203,74436,00:20:36.73,00:20:40.60,7
D1/P08_23,74422,75175,00:20:40.38,00:20:52.92,6
D1/P08_23,74880,75988,00:20:48.00,00:21:06.48,6
D1/P08_23,75219,75420,00:20:53.65,00:20:57.01,7
D1/P08_23,76422,76578,00:21:13.71,00:21:16.30,1
D1/P08_23,77054,77474,00:21:24.24,00:21:31.24,6
D1/P08_23,77665,77737,00:21:34.43,00:21:35.63,2
D1/P08_23,77734,77811,00:21:35.57,00:21:36.86,1
D1/P08_23,77976,78060,00:21:39.61,00:21:41.00,4
D1/P08_23,78265,78396,00:21:44.43,00:21:46.61,0
D1/P08_23,78541,78700,00:21:49.03,00:21:51.68,1
D1/P08_23,78699,79206,00:21:51.65,00:22:00.11,7
D1/P08_23,79200,79327,00:22:00.01,00:22:02.13,1
D1/P08_23,79326,79427,00:22:02.11,00:22:03.79,1
D1/P08_23,79633,79701,00:22:07.23,00:22:08.35,4
D1/P08_23,79703,79764,00:22:08.39,00:22:09.41,2
D1/P08_23,79716,79807,00:22:08.60,00:22:10.13,1
D1/P08_23,79813,79919,00:22:10.23,00:22:11.99,4
D1/P08_23,79992,80088,00:22:13.20,00:22:14.81,2
D1/P08_23,80637,80688,00:22:23.95,00:22:24.81,0
D1/P08_23,80821,80889,00:22:27.02,00:22:28.16,4
D1/P08_23,81014,81180,00:22:30.24,00:22:33.01,5
D1/P08_23,81874,82338,00:22:44.57,00:22:52.31,4
D1/P08_23,82344,82899,00:22:52.41,00:23:01.66,4
D1/P08_23,82998,83058,00:23:03.31,00:23:04.31,0
D1/P08_23,83064,83505,00:23:04.41,00:23:11.76,1
D1/P08_23,83517,83673,00:23:11.96,00:23:14.56,2
D1/P08_23,84489,84915,00:23:28.16,00:23:35.26,5
D1/P08_23,84978,85279,00:23:36.30,00:23:41.33,1
D1/P08_23,86019,86118,00:23:53.66,00:23:55.31,2
D1/P08_23,86094,86200,00:23:54.91,00:23:56.68,0
D1/P08_23,87790,87871,00:24:23.17,00:24:24.52,2
D1/P08_23,87862,89461,00:24:24.37,00:24:51.02,1
D1/P08_23,89394,89793,00:24:49.91,00:24:56.56,6
D1/P08_23,89818,90034,00:24:56.97,00:25:00.57,1
D1/P08_23,90050,90276,00:25:00.84,00:25:04.60,0
D1/P08_23,90421,90804,00:25:07.03,00:25:13.40,0
D1/P08_23,90887,90994,00:25:14.79,00:25:16.57,2
D1/P08_23,90981,91061,00:25:16.36,00:25:17.69,4
D1/P08_23,91177,91301,00:25:19.62,00:25:21.69,0
D1/P08_23,91272,91443,00:25:21.21,00:25:24.06,4
D1/P08_23,91449,91771,00:25:24.16,00:25:29.53,2
D1/P08_24,122,210,00:00:02.05,00:00:03.50,2
D1/P08_24,309,368,00:00:05.16,00:00:06.14,2
D1/P08_24,382,737,00:00:06.37,00:00:12.29,0
D1/P08_24,790,846,00:00:13.18,00:00:14.11,1
D1/P08_24,862,972,00:00:14.38,00:00:16.21,2
D1/P08_24,1004,1067,00:00:16.74,00:00:17.79,2
D1/P08_24,1071,1152,00:00:17.85,00:00:19.21,0
D1/P08_24,1275,1350,00:00:21.26,00:00:22.51,0
D1/P08_24,1967,2267,00:00:32.79,00:00:37.79,0
D1/P08_24,2560,2843,00:00:42.68,00:00:47.39,0
D1/P08_24,2800,2896,00:00:46.67,00:00:48.28,1
D1/P08_24,3648,3715,00:01:00.81,00:01:01.92,1
D1/P08_24,3763,4491,00:01:02.72,00:01:14.86,5
D1/P08_24,5497,5541,00:01:31.63,00:01:32.35,1
D1/P08_24,5625,5696,00:01:33.76,00:01:34.94,0
D1/P08_24,6052,6120,00:01:40.88,00:01:42.01,1
D1/P08_24,6190,6273,00:01:43.17,00:01:44.56,0
D1/P08_24,6279,7076,00:01:44.66,00:01:57.94,0
D1/P08_24,7121,7177,00:01:58.69,00:01:59.62,0
D1/P08_24,7182,7451,00:01:59.70,00:02:04.19,5
D1/P08_24,7236,7443,00:02:00.60,00:02:04.05,5
D1/P08_24,7511,7583,00:02:05.19,00:02:06.39,1
D1/P08_24,7711,7822,00:02:08.53,00:02:10.38,0
D1/P08_24,7803,7890,00:02:10.05,00:02:11.50,1
D1/P08_24,7936,8020,00:02:12.28,00:02:13.68,0
D1/P08_24,8410,8592,00:02:20.18,00:02:23.20,5
D1/P08_24,8662,8793,00:02:24.37,00:02:26.56,0
D1/P08_24,8700,8808,00:02:25.00,00:02:26.80,0
D1/P08_24,8778,8995,00:02:26.31,00:02:29.93,5
D1/P08_24,8998,9042,00:02:29.97,00:02:30.70,0
D1/P08_24,9048,9130,00:02:30.80,00:02:32.18,5
D1/P08_24,9135,9286,00:02:32.26,00:02:34.78,5
D1/P08_24,9186,9308,00:02:33.10,00:02:35.14,5
D1/P08_24,9314,9393,00:02:35.24,00:02:36.56,0
D1/P08_24,9399,9543,00:02:36.66,00:02:39.05,5
D1/P08_24,9480,9751,00:02:38.01,00:02:42.53,5
D1/P08_24,10056,10143,00:02:47.60,00:02:49.05,2
D1/P08_24,10135,10242,00:02:48.92,00:02:50.71,0
D1/P08_24,10241,10494,00:02:50.69,00:02:54.91,1
D1/P08_24,11148,11338,00:03:05.80,00:03:08.98,0
D1/P08_24,11796,11910,00:03:16.60,00:03:18.51,1
D1/P08_24,12028,12093,00:03:20.47,00:03:21.56,0
D1/P08_24,12096,12214,00:03:21.61,00:03:23.58,1
D1/P08_24,12263,12445,00:03:24.39,00:03:27.42,0
D1/P08_24,12451,12626,00:03:27.52,00:03:30.44,1
D1/P08_24,12693,13074,00:03:31.56,00:03:37.90,6
D1/P08_24,13823,13919,00:03:50.39,00:03:51.99,1
D1/P08_24,14001,14162,00:03:53.35,00:03:56.04,1
D1/P08_24,14338,14710,00:03:58.97,00:04:05.18,1
D1/P08_24,14733,14901,00:04:05.56,00:04:08.36,0
D1/P08_24,15017,17163,00:04:10.29,00:04:46.05,1
D1/P08_24,15919,17412,00:04:25.33,00:04:50.20,1
D1/P08_24,17699,18015,00:04:54.99,00:05:00.26,1
D1/P08_24,18088,18218,00:05:01.48,00:05:03.64,1
D1/P08_24,18642,18837,00:05:10.70,00:05:13.95,0
D1/P08_24,18999,19149,00:05:16.65,00:05:19.15,1
D1/P08_24,19258,19335,00:05:20.97,00:05:22.25,2
D1/P08_24,19306,19457,00:05:21.78,00:05:24.29,0
D1/P08_24,19586,19936,00:05:26.44,00:05:32.28,1
D1/P08_24,20088,20284,00:05:34.80,00:05:38.08,1
D1/P08_24,20394,20667,00:05:39.90,00:05:44.45,1
D1/P08_24,20825,20898,00:05:47.09,00:05:48.30,2
D1/P08_24,20872,20940,00:05:47.87,00:05:49.00,0
D1/P08_24,21032,21265,00:05:50.54,00:05:54.43,6
D1/P08_24,21402,21907,00:05:56.70,00:06:05.13,6
D1/P08_24,21913,22817,00:06:05.23,00:06:20.29,6
D1/P08_24,23251,23341,00:06:27.53,00:06:29.02,1
D1/P08_24,23566,23648,00:06:32.78,00:06:34.14,1
D1/P08_24,23860,24009,00:06:37.67,00:06:40.15,1
D1/P08_24,24243,24453,00:06:44.05,00:06:47.56,0
D1/P08_24,24566,24643,00:06:49.44,00:06:50.73,1
D1/P08_24,25483,25843,00:07:04.73,00:07:10.72,7
D1/P08_24,25935,26314,00:07:12.25,00:07:18.58,6
D1/P08_24,26204,26919,00:07:16.74,00:07:28.65,6
D1/P08_24,26542,28182,00:07:22.38,00:07:49.70,6
D1/P08_24,28196,28243,00:07:49.94,00:07:50.72,1
D1/P08_24,28440,28492,00:07:54.00,00:07:54.88,1
D1/P08_24,28521,28574,00:07:55.35,00:07:56.24,2
D1/P08_24,28871,29171,00:08:01.19,00:08:06.19,1
D1/P08_24,29177,29282,00:08:06.29,00:08:08.04,1
D1/P08_24,29288,29746,00:08:08.14,00:08:15.77,7
D1/P08_24,29819,30928,00:08:16.99,00:08:35.48,6
D1/P08_24,31083,31128,00:08:38.06,00:08:38.81,2
D1/P08_24,31111,31281,00:08:38.53,00:08:41.35,0
D1/P08_24,31282,31375,00:08:41.38,00:08:42.93,0
D1/P08_24,31572,31652,00:08:46.21,00:08:47.55,1
D1/P08_24,31968,32093,00:08:52.81,00:08:54.89,1
D1/P08_24,32100,32667,00:08:55.00,00:09:04.46,6
D1/P08_24,32896,33425,00:09:08.28,00:09:17.09,1
D1/P08_24,33433,33490,00:09:17.22,00:09:18.17,1
D1/P08_24,33521,33596,00:09:18.69,00:09:19.94,0
D1/P08_24,33718,34164,00:09:21.97,00:09:29.41,1
D1/P08_24,34162,34281,00:09:29.37,00:09:31.35,0
D1/P08_25,64,194,00:00:01.08,00:00:03.24,0
D1/P08_25,193,296,00:00:03.23,00:00:04.94,1
D1/P08_25,303,367,00:00:05.05,00:00:06.12,2
D1/P08_25,373,459,00:00:06.22,00:00:07.66,2
D1/P08_25,453,619,00:00:07.56,00:00:10.33,0
D1/P08_25,819,937,00:00:13.65,00:00:15.62,0
D1/P08_25,1062,1153,00:00:17.71,00:00:19.22,4
D1/P08_26,78,180,00:00:01.30,00:00:03.00,1
D1/P08_26,192,290,00:00:03.21,00:00:04.84,0
D1/P08_26,384,469,00:00:06.41,00:00:07.82,2
D1/P08_26,466,638,00:00:07.78,00:00:10.64,1
D1/P08_26,660,750,00:00:11.00,00:00:12.50,0
D1/P08_26,756,960,00:00:12.60,00:00:16.00,4
D1/P08_26,966,1110,00:00:16.10,00:00:18.51,1
D1/P08_26,1113,1158,00:00:18.55,00:00:19.30,0
D1/P08_26,1164,1269,00:00:19.40,00:00:21.15,1
D1/P08_26,1380,1455,00:00:23.00,00:00:24.25,0
D1/P08_26,1461,1536,00:00:24.35,00:00:25.60,4
D1/P08_26,1542,1632,00:00:25.70,00:00:27.20,1
D1/P08_26,1638,1698,00:00:27.30,00:00:28.30,0
D1/P08_26,1824,1926,00:00:30.40,00:00:32.11,0
D1/P08_26,1924,2227,00:00:32.08,00:00:37.12,4
D1/P08_26,2126,2443,00:00:35.44,00:00:40.72,1
D1/P08_26,2449,2555,00:00:40.82,00:00:42.59,0
D1/P08_26,2561,2819,00:00:42.69,00:00:46.99,4
D1/P08_26,2815,3087,00:00:46.93,00:00:51.46,1
D1/P08_26,3090,3165,00:00:51.50,00:00:52.75,0
D1/P08_26,3923,4123,00:01:05.39,00:01:08.73,1
D1/P08_26,4135,4269,00:01:08.92,00:01:11.16,0
D1/P08_26,4222,4885,00:01:10.38,00:01:21.42,2
D1/P08_26,4876,5180,00:01:21.27,00:01:26.34,4
D1/P08_26,5871,5970,00:01:37.85,00:01:39.51,0
D1/P08_26,6053,6283,00:01:40.89,00:01:44.72,4
D1/P08_26,6340,6461,00:01:45.68,00:01:47.69,1
D1/P08_26,6778,7027,00:01:52.97,00:01:57.12,0
D1/P08_26,6914,6976,00:01:55.24,00:01:56.27,0
D1/P08_26,7138,7206,00:01:58.97,00:02:00.11,2
D1/P08_26,7204,7390,00:02:00.07,00:02:03.17,1
D1/P08_26,7396,7462,00:02:03.27,00:02:04.37,1
D1/P08_26,7468,7557,00:02:04.47,00:02:05.95,1
D1/P08_26,7594,7635,00:02:06.57,00:02:07.25,0
D1/P08_26,7661,7960,00:02:07.69,00:02:12.67,1
D1/P08_26,7965,8109,00:02:12.76,00:02:15.15,0
D1/P08_26,8337,8465,00:02:18.96,00:02:21.09,4
D1/P08_26,8465,8528,00:02:21.09,00:02:22.14,0
D1/P08_26,8511,8587,00:02:21.86,00:02:23.13,1
D1/P08_26,8643,8925,00:02:24.05,00:02:28.76,4
D1/P08_26,8931,9100,00:02:28.86,00:02:31.67,4
D1/P08_26,9036,9322,00:02:30.61,00:02:35.38,4
D1/P08_26,9864,9987,00:02:44.40,00:02:46.46,1
D1/P08_26,9987,10573,00:02:46.45,00:02:56.23,4
D1/P08_26,10564,10632,00:02:56.08,00:02:57.20,0
D1/P08_26,10634,10834,00:02:57.24,00:03:00.58,4
D1/P08_26,10858,11289,00:03:00.98,00:03:08.15,4
D1/P08_26,11472,11518,00:03:11.21,00:03:11.98,0
D1/P08_26,11556,11713,00:03:12.61,00:03:15.23,4
D1/P08_26,11721,11827,00:03:15.36,00:03:17.12,0
D1/P08_26,12669,13084,00:03:31.15,00:03:38.08,4
D1/P08_26,14057,14217,00:03:54.29,00:03:56.96,4
D1/P08_26,14415,14775,00:04:00.25,00:04:06.25,4
D1/P08_26,14781,15231,00:04:06.35,00:04:13.85,4
D1/P08_26,15657,15750,00:04:20.96,00:04:22.50,4
D1/P08_26,16155,16695,00:04:29.25,00:04:38.25,4
D1/P08_26,16797,16947,00:04:39.95,00:04:42.45,4
D1/P08_26,17425,17800,00:04:50.42,00:04:56.67,4
D1/P08_26,17526,18507,00:04:52.10,00:05:08.46,4
D1/P08_26,18540,18835,00:05:09.01,00:05:13.92,4
D1/P08_26,19387,19537,00:05:23.12,00:05:25.62,4
D1/P08_26,19849,20028,00:05:30.82,00:05:33.81,4
D1/P08_26,20134,20694,00:05:35.57,00:05:44.90,4
D1/P08_26,21052,21117,00:05:50.87,00:05:51.95,1
D1/P08_26,21570,21903,00:05:59.50,00:06:05.05,4
D1/P08_26,22032,22092,00:06:07.20,00:06:08.20,0
D1/P08_26,22106,22233,00:06:08.44,00:06:10.55,4
D1/P08_26,22257,22397,00:06:10.95,00:06:13.29,1
D1/P08_26,22284,22359,00:06:11.40,00:06:12.65,4
D1/P08_26,22575,22651,00:06:16.26,00:06:17.52,4
D1/P08_26,22638,22713,00:06:17.31,00:06:18.56,1
D1/P08_26,23146,23254,00:06:25.78,00:06:27.58,2
D1/P08_26,23254,23396,00:06:27.58,00:06:29.94,0
D1/P08_26,23427,23885,00:06:30.46,00:06:38.09,1
D1/P08_26,23983,24058,00:06:39.72,00:06:40.97,2
D1/P08_26,24064,24172,00:06:41.07,00:06:42.88,1
D1/P08_27,162,375,00:00:02.71,00:00:06.25,0
D1/P08_27,381,534,00:00:06.35,00:00:08.90,0
D1/P08_27,727,792,00:00:12.13,00:00:13.20,0
D1/P08_27,798,1188,00:00:13.30,00:00:19.81,4
D1/P08_27,1503,2124,00:00:25.05,00:00:35.40,5
D1/P08_27,2361,2541,00:00:39.35,00:00:42.35,2
D1/P08_27,2539,2965,00:00:42.33,00:00:49.43,0
D1/P08_27,3261,3769,00:00:54.35,00:01:02.82,5
D1/P08_27,3666,4623,00:01:01.11,00:01:17.05,5
D1/P08_27,4786,4984,00:01:19.78,00:01:23.08,5
D1/P08_27,5086,5237,00:01:24.78,00:01:27.29,2
D1/P08_27,5213,5299,00:01:26.89,00:01:28.33,0
D1/P08_27,8368,8469,00:02:19.47,00:02:21.15,2
D1/P08_27,8419,8585,00:02:20.33,00:02:23.09,4
D1/P08_27,8709,8830,00:02:25.16,00:02:27.17,0
D1/P08_27,8806,8905,00:02:26.77,00:02:28.43,4
D1/P08_27,8881,8966,00:02:28.03,00:02:29.44,2
D1/P08_27,9025,9128,00:02:30.42,00:02:32.14,1
D1/P08_27,9178,9311,00:02:32.97,00:02:35.19,1
D1/P08_27,9493,9595,00:02:38.22,00:02:39.92,0
D1/P08_27,9534,9634,00:02:38.90,00:02:40.58,2
D1/P08_27,9640,9819,00:02:40.68,00:02:43.65,4
D1/P08_27,9930,10074,00:02:45.50,00:02:47.90,4
D1/P08_27,10105,10178,00:02:48.43,00:02:49.64,0
D1/P08_27,10203,10396,00:02:50.05,00:02:53.27,4
D1/P08_27,10420,10467,00:02:53.67,00:02:54.46,1
D1/P08_27,10679,10829,00:02:57.99,00:03:00.49,4
D1/P08_27,10851,10950,00:03:00.86,00:03:02.50,0
D1/P08_27,10984,11088,00:03:03.07,00:03:04.80,1
D1/P08_28,39,120,00:00:00.66,00:00:02.00,0
D1/P08_28,126,186,00:00:02.10,00:00:03.10,0
D1/P08_28,207,310,00:00:03.45,00:00:05.18,2
D1/P08_28,423,565,00:00:07.05,00:00:09.42,1
D1/P08_28,738,901,00:00:12.31,00:00:15.02,1
D1/P08_28,907,1026,00:00:15.12,00:00:17.10,1
D1/P08_28,1032,1127,00:00:17.20,00:00:18.79,4
D1/P08_28,1284,1367,00:00:21.40,00:00:22.79,0
D1/P08_28,1324,1421,00:00:22.08,00:00:23.69,2
D1/P08_28,1382,1507,00:00:23.04,00:00:25.13,1
D1/P08_28,1719,1893,00:00:28.66,00:00:31.55,4
